feature,ks_statistic,ks_pvalue,shift_flagged,lab_mean,lab_std,unlab_mean,unlab_std,mean_diff_pct,mainstream_mean,mainstream_std,premium_mean,premium_std,super_premium_mean,super_premium_std
score,0.4579,0.0,True,0.4961,0.1436,0.3203,0.1582,35.4,0.4158,0.1277,0.5531,0.0964,0.6203,0.1232
domain_score_clean,0.4493,0.0,True,4.4167,6.7884,-1.5569,4.3261,135.3,0.2994,4.1578,6.6372,5.1818,12.2143,7.0324
log_cost,0.4481,0.0,True,7.7024,1.3683,5.9614,2.6007,22.6,7.1159,1.5079,8.076,0.9479,8.6975,0.585
cost_both,0.4481,0.0,True,3457.1417,2900.3186,1351.8,1715.3715,60.9,1900.2002,1395.1346,4022.7183,2479.6409,6958.9105,3481.7878
is_low_price,0.4357,0.0,True,0.2917,0.4545,0.7273,0.4453,149.4,0.521,0.4996,0.0796,0.2707,0.0357,0.1856
sb_price,0.4243,0.0,True,3.3988,2.3392,1.3411,1.692,60.5,1.8443,1.3535,4.1062,1.7466,6.6071,1.644
atmosphere__feels_cozy,0.4228,0.0,True,0.7708,0.4203,0.348,0.4763,54.9,0.6347,0.4815,0.8938,0.3081,0.9286,0.2575
upscale_x_price,0.4081,0.0,True,2479.5811,3129.6275,510.775,1461.6713,79.4,837.9676,1422.1474,3249.9229,2770.7318,5820.6671,4104.6499
rating_x_upscale,0.3901,0.0,True,2.5539,2.1018,0.8701,1.7,65.9,1.5246,1.9897,3.5345,1.6493,3.6446,1.7089
restaurant_segment_ord,0.3881,0.0,True,1.5298,0.9724,0.6105,0.782,60.1,0.9401,0.7944,1.9469,0.7267,2.4464,0.7051
experience_words,0.3695,0.0,True,8.5714,5.6094,4.6292,4.8102,46.0,6.491,4.5371,10.0,5.9926,11.8929,5.1847
atmosphere__feels_hip,0.3659,0.0,True,0.8631,0.3437,0.4972,0.5,42.4,0.7665,0.4231,0.9646,0.1848,0.9464,0.2252
is_very_low_price,0.3636,0.0,True,0.0893,0.2852,0.4528,0.4978,407.2,0.1737,0.3788,0.0088,0.0937,0.0,0.0
amenities__has_bar_onsite,0.3359,0.0,True,0.7113,0.4532,0.3754,0.4842,47.2,0.6168,0.4862,0.7965,0.4026,0.8214,0.383
cost_food,0.3354,0.0,True,2267.1131,1545.6488,1280.92,909.741,43.5,1362.5749,602.9548,2502.6549,853.9818,4489.2857,2070.8589
offerings__serves_wine,0.3336,0.0,True,0.9702,0.1699,0.6366,0.481,34.4,0.9581,0.2004,0.9823,0.1319,0.9821,0.1324
planning__accepts_reservations,0.3152,0.0,True,0.9464,0.2252,0.6312,0.4825,33.3,0.9162,0.2771,0.9823,0.1319,0.9643,0.1856
parking__has_parking_valet,0.3083,0.0,True,0.4613,0.4985,0.153,0.36,66.8,0.2096,0.407,0.6903,0.4624,0.75,0.433
reviews_count,0.3043,0.0,True,1706.0149,2504.3826,916.919,1842.387,46.3,1563.6048,2716.9679,1783.9381,1832.2806,1973.4643,2949.3987
avg_review_length,0.2995,0.0,True,361.2036,215.458,243.9469,201.343,32.5,306.2371,204.8177,387.9912,215.5415,471.0682,192.762
premium_place_x_price,0.2901,0.0,True,1830.6576,2906.9602,361.2705,1230.3869,80.3,368.6128,915.1049,2742.6965,2576.0211,4350.3198,4518.0977
social_proof_score,0.2872,0.0,True,8.622,5.2027,5.2465,4.7941,39.1,6.8982,4.7747,9.6726,4.7213,11.6429,5.4064
luxury_x_price,0.2862,0.0,True,6530.9713,13867.3763,1548.2201,6923.5304,76.3,1324.6751,4777.2225,5682.3691,7838.4276,23769.248,24131.8013
max_drink_price_avg,0.2851,0.0,True,2151.5328,7946.0233,3206.1445,136247.321,49.0,399.3378,890.7003,1851.1998,3407.9381,7982.8575,17598.0757
drink_category_count,0.2802,0.0,True,2.8512,3.7035,0.7868,2.2271,72.4,2.024,3.2628,3.4071,3.8915,4.1964,3.9389
luxury_brand_count,0.2563,0.0,True,2.756,4.2845,0.6335,2.2905,77.0,1.1976,2.6901,3.7345,4.6239,5.4286,5.3946
dining_price_num,0.2544,0.0,True,1037.4821,342.3235,797.5554,335.3024,23.1,883.3966,287.9005,1129.8787,287.8393,1310.5442,355.1865
premium_brand_count,0.2522,0.0,True,10.7232,17.1526,3.1174,12.2176,70.9,6.4012,13.7519,12.5841,16.6535,19.8571,22.261
premium_place,0.2494,0.0,True,0.4226,0.494,0.1732,0.3785,59.0,0.1796,0.3839,0.6903,0.4624,0.6071,0.4884
premium_spirit_flag,0.2418,0.0,True,0.3125,0.4635,0.0707,0.2564,77.4,0.1737,0.3788,0.4159,0.4929,0.5179,0.4997
luxury_words,0.2365,0.0,True,1.3333,2.2097,0.5551,1.3724,58.4,0.5868,1.4025,1.4248,1.6229,3.375,3.5029
has_domain,0.2122,0.0,True,0.4315,0.4953,0.2194,0.4138,49.2,0.2575,0.4372,0.5752,0.4943,0.6607,0.4735
is_high_price,0.2109,0.0,True,0.253,0.4347,0.042,0.2007,83.4,0.0479,0.2136,0.3363,0.4724,0.6964,0.4598
planning__recommends_reservations_lunch,0.2102,0.0,True,0.3452,0.4754,0.1351,0.3418,60.9,0.2156,0.4112,0.4602,0.4984,0.5,0.5
brands_x_upscale,0.2047,0.0,True,7.1012,15.3257,1.4475,9.6161,79.6,2.7605,9.9443,9.0,15.5359,16.2143,21.9274
chef_x_price,0.1942,0.0,False,4834.5126,15545.2901,833.5422,5851.0959,82.8,484.1116,1235.1704,3174.8065,7171.0286,21157.0798,31830.7452
cost_drinks,0.1785,0.0,False,2828.434,1291.9133,2562.5438,974.1082,9.4,2400.8582,809.4011,3017.998,1465.5925,3721.0132,1520.4809
sb_review_vibe,0.1776,0.0,False,1.9613,0.1929,1.7837,0.4117,9.1,1.9341,0.2481,1.9823,0.1319,2.0,0.0
positive_ratio,0.1763,0.0,False,0.4586,0.3836,0.3468,0.3312,24.4,0.3055,0.3292,0.565,0.3804,0.7002,0.3415
ratings,0.1762,0.0,False,4.1866,0.3258,4.0726,0.4634,2.7,4.0455,0.3415,4.2788,0.2389,4.4214,0.2059
planning__recommends_reservations_brunch,0.1658,0.0,False,0.2708,0.4444,0.1051,0.3066,61.2,0.1437,0.3508,0.4248,0.4943,0.3393,0.4735
chef_mentions,0.1619,0.0,False,0.8274,1.9226,0.2957,0.9006,64.3,0.2754,0.606,0.8142,1.6857,2.5,3.4122
social_media_score,0.1561,0.0,False,0.8988,1.4295,0.6151,1.3895,31.6,0.6527,1.0493,1.2743,1.9152,0.875,1.0533
time_spent_mins,0.1557,0.0,False,76.9494,73.6232,56.1417,52.7973,27.0,60.0599,60.7439,102.8319,82.4752,75.0893,74.7465
sb_rating,0.1519,0.0,False,0.8512,0.8907,0.5451,1.1019,36.0,0.485,1.0081,1.1062,0.5042,1.4286,0.5933
other_cocktails_item_price_avg,0.1473,0.0,False,637.2022,255.9952,586.0697,137.6757,8.0,557.3863,125.4808,655.5218,250.2515,838.2581,399.722
ambiance_x_price,0.1462,0.0,False,1925.8886,5729.0284,359.4491,1997.5737,81.3,421.561,1887.5926,1871.5784,4124.678,6521.5986,11140.0344
offerings__serves_happy_hour_food,0.1447,0.0,False,0.2798,0.4489,0.1351,0.3418,51.7,0.2814,0.4497,0.2566,0.4368,0.3214,0.467
gin_item_count,0.1422,0.0,False,8.9048,5.2562,8.5678,2.714,3.8,7.6796,2.7052,9.115,3.823,12.1339,9.973
vodka_item_count,0.1403,0.0,False,8.6042,4.1934,8.2422,3.2282,4.2,8.7545,4.389,8.2743,3.8125,8.8214,4.2891
ambiance_quality,0.1391,0.0,False,0.378,0.8712,0.1146,0.4572,69.7,0.1317,0.4452,0.4867,0.8936,0.8929,1.3716
rum_item_price_avg,0.1389,0.0,False,1293.086,1487.8864,949.6597,627.5808,26.6,822.8221,446.4697,1369.7814,1328.1019,2540.7195,2627.0189
beer_item_count,0.137,0.0,False,11.0476,6.7359,10.4359,4.2014,5.5,12.0359,6.6719,11.0177,7.7185,8.1607,2.8333
beer_item_price_avg,0.1362,0.0,False,603.8219,393.6068,590.7005,1324.6717,2.2,555.5959,163.0103,617.3821,431.0382,720.2763,674.1968
gin_item_price_avg,0.1284,0.0001,False,815.0956,1098.4284,1578.0253,49422.8641,93.6,670.1457,465.2899,767.0861,699.1378,1344.2331,2293.4783
wine_item_count,0.1254,0.0001,False,16.4643,13.6839,13.9377,3.7135,15.3,13.0,4.8708,16.4071,12.1296,26.9107,24.7172
wine_item_price_avg,0.1243,0.0001,False,3210.242,3660.5979,2573.3632,1100.7557,19.8,2234.8215,761.7615,3113.7926,2710.0989,6313.7063,7166.6831
other_cocktails_item_count,0.1242,0.0001,False,16.0804,8.0967,14.9923,4.6806,6.8,17.0479,9.0632,15.6814,7.4872,14.0,5.2746
avg_atmosphere_aspect,0.1228,0.0002,False,4.2924,0.6427,4.1018,0.8147,4.4,4.0581,0.7234,4.5107,0.4746,4.5506,0.3699
highlights__has_live_music,0.1226,0.0002,False,0.2738,0.4459,0.1512,0.3582,44.8,0.2814,0.4497,0.2655,0.4416,0.2679,0.4428
drink_to_food_ratio,0.1155,0.0005,False,1.1602,0.5429,1.1357,0.6738,2.1,1.1686,0.5274,1.2027,0.6354,1.0496,0.3287
avg_service_aspect,0.1058,0.0018,False,4.2152,0.661,4.0736,0.8055,3.4,3.9782,0.7468,4.4304,0.467,4.4877,0.4275
brandy_item_count,0.1043,0.0022,False,3.2946,2.0484,3.0392,0.7792,7.8,2.988,1.1837,2.9646,1.1819,4.875,3.8963
highlights__has_seating_rooftop,0.1033,0.0025,False,0.1845,0.3879,0.0812,0.2732,56.0,0.1497,0.3568,0.1504,0.3575,0.3571,0.4792
other_item_price_avg,0.1025,0.0028,False,803.8898,961.9487,674.7183,671.8407,16.1,618.6931,260.787,763.7203,643.8598,1437.2292,2001.5213
tequila_item_count,0.1018,0.003,False,6.9077,5.9906,6.0546,1.9247,12.4,5.7365,1.09,6.5664,4.3536,11.0893,12.3176
martini_item_price_avg,0.0952,0.0068,False,653.9923,638.5875,601.7706,337.9766,8.0,574.5364,86.1813,602.8938,158.1327,994.0506,1494.798
other_item_count,0.0944,0.0075,False,4.0774,1.6366,4.0472,1.1021,0.7,4.018,1.0293,3.9204,1.4942,4.5714,2.8464
avg_food_aspect,0.0838,0.0244,False,4.1966,0.5882,4.0786,0.7761,2.8,3.997,0.6713,4.3994,0.3912,4.3825,0.4326
martini_item_count,0.078,0.0439,False,2.1488,1.1,2.0241,0.497,5.8,2.024,0.4637,2.0796,1.2058,2.6607,1.8349
is_very_high_price,0.0747,0.0601,False,0.0893,0.2852,0.0146,0.12,83.6,0.0,0.0,0.0619,0.2411,0.4107,0.492
weekday_visits,0.0657,0.1324,False,6941.3661,6708.1984,6515.6522,7230.3251,6.1,6823.0599,6300.8115,6812.5133,6769.8361,7554.1786,7660.1088
hotel_stars,0.06,0.207,False,0.381,1.297,0.1038,0.6649,72.8,0.0898,0.5773,0.0708,0.5274,1.875,2.4206
old_fashioned_item_price_avg,0.0502,0.4015,False,788.8125,215.6516,771.9597,48.3774,2.1,767.2036,43.4825,769.1416,74.658,892.9464,499.1303
mojito_item_count,0.0483,0.4521,False,1.9524,0.4856,2.0807,1.0056,6.6,2.0,0.5361,1.9558,0.4077,1.8036,0.44
chef_x_5star,0.0424,0.6177,False,0.2143,1.2423,0.0226,0.3054,89.5,0.0,0.0,0.0,0.0,1.2857,2.8076
offerings__has_dancing,0.0419,0.6309,False,0.1101,0.313,0.0682,0.252,38.1,0.1138,0.3175,0.1239,0.3295,0.0714,0.2575
sb_premium_spirit,0.039,0.7192,False,1.9464,0.2252,1.9854,0.12,2.0,1.9341,0.2481,1.9469,0.2242,1.9821,0.1324
atmosphere__feels_casual,0.0343,0.8474,False,0.9256,0.2624,0.8913,0.3112,3.7,0.9641,0.1861,0.9204,0.2707,0.8214,0.383
sb_neg_review,0.034,0.8544,False,-2.1607,0.5437,-2.0928,0.4206,3.1,-2.2036,0.6048,-2.1239,0.4821,-2.1071,0.4503
prem_brands_x_hotel,0.0297,0.9401,False,1.2946,7.9169,0.0956,1.8618,92.6,0.0,0.0,0.0,0.0,7.7679,18.0495
negative_words,0.0285,0.9566,False,1.4226,1.9086,1.3739,1.9145,3.4,1.7844,2.1139,1.0177,1.6509,1.1607,1.4973
feni_item_price_avg,0.0201,0.9994,False,1065.0412,843.3915,977.8598,62.4767,8.2,972.4581,74.6996,1130.5826,1263.686,1208.8839,986.9009
sb_menu_volume,0.0197,0.9996,False,1.9673,0.178,1.9869,0.1136,1.0,1.9581,0.2004,1.9646,0.1848,2.0,0.0
michelin_star,0.0196,0.9996,False,0.0208,0.1428,0.0013,0.0358,93.8,0.0,0.0,0.0265,0.1608,0.0714,0.2575
feni_item_count,0.0158,1.0,False,1.0417,0.3677,1.0051,0.1501,3.5,1.0,0.0,1.0796,0.5508,1.0893,0.4341
highlights__has_bar_games,0.0153,1.0,False,0.0268,0.1615,0.0115,0.1068,56.9,0.024,0.1529,0.0354,0.1848,0.0179,0.1324
highlights__has_karaoke_nights,0.0134,1.0,False,0.0298,0.1699,0.0164,0.127,44.9,0.0359,0.1861,0.0354,0.1848,0.0,0.0
has_any_award,0.0116,1.0,False,0.0119,0.1085,0.0003,0.016,97.8,0.0,0.0,0.0265,0.1608,0.0179,0.1324
highlights__has_fast_service,0.0057,1.0,False,0.006,0.0769,0.0003,0.016,95.7,0.006,0.0772,0.0,0.0,0.0179,0.1324
atmosphere__is_recently_popular,0.002,1.0,False,0.003,0.0545,0.001,0.032,65.6,0.006,0.0772,0.0,0.0,0.0,0.0
