h3index,district_code,wbi
89608b0b033ffff,IN.MH.MU,74.20900121
89608b0b397ffff,IN.MH.MU,77.5730167
89608b4423bffff,IN.MH.MU,56.46428545
89608b4615bffff,IN.MH.MU,72.90402135
89608b54893ffff,IN.MH.MU,72.05748327
89608b54c03ffff,IN.MH.MU,68.51526023
89608b55e9bffff,IN.MH.MU,65.64947237
89608b56843ffff,IN.MH.MU,63.21496183
89608b09693ffff,IN.MH.MU,73.88107881
89608b0b0b3ffff,IN.MH.MU,70.66903501
89608b0b627ffff,IN.MH.MU,72.98038944
89608b0b68fffff,IN.MH.MU,78.55596603
89608b1915bffff,IN.MH.MU,42.18029131
89608b1926bffff,IN.MH.MU,57.1451108
89608b1938bffff,IN.MH.MU,47.41799313
89608b19a8bffff,IN.MH.MU,65.62356542
89608b46143ffff,IN.MH.MU,72.55583349
89608b46307ffff,IN.MH.MU,75.14844133
89608b46953ffff,IN.MH.MU,47.31450473
89608b473abffff,IN.MH.MU,71.79115841
89608b5688fffff,IN.MH.MU,68.25484953
89608b09097ffff,IN.MH.MU,69.23621563
89608b096c3ffff,IN.MH.MU,73.51793161
89608b0b137ffff,IN.MH.MU,72.35782233
89608b0b223ffff,IN.MH.MU,67.00844967
89608b0b6b3ffff,IN.MH.MU,74.89674706
89608b4608fffff,IN.MH.MU,71.04554055
89608b471d3ffff,IN.MH.MU,63.30039527
89608b47567ffff,IN.MH.MU,62.72746361
89608b5482fffff,IN.MH.MU,70.96411978
89608b54adbffff,IN.MH.MU,54.56673259
89608b54cc3ffff,IN.MH.MU,66.8100103
89608b55077ffff,IN.MH.MU,63.37331712
89608b5516bffff,IN.MH.MU,69.86980362
89608b5516fffff,IN.MH.MU,68.03660921
89608b55d27ffff,IN.MH.MU,53.08281071
89608b55e17ffff,IN.MH.MU,56.86086497
89608b092b7ffff,IN.MH.MU,71.91238503
89608b09623ffff,IN.MH.MU,70.16014518
89608b0b24fffff,IN.MH.MU,64.3116608
89608b0b36fffff,IN.MH.MU,69.72133351
89608b4401bffff,IN.MH.MU,67.61208453
89608b4452fffff,IN.MH.MU,61.09818138
89608b4468bffff,IN.MH.MU,70.77697308
89608b450d7ffff,IN.MH.MU,54.03650432
89608b4600fffff,IN.MH.MU,72.375682
89608b46107ffff,IN.MH.MU,70.86783612
89608b46557ffff,IN.MH.MU,69.24045165
89608b46a77ffff,IN.MH.MU,43.46866143
89608b46edbffff,IN.MH.MU,62.58511411
89608b4712bffff,IN.MH.MU,68.25314819
89608b540a3ffff,IN.MH.MU,65.14605294
89608b54147ffff,IN.MH.MU,68.76979846
89608b54917ffff,IN.MH.MU,72.08274463
89608b54a33ffff,IN.MH.MU,58.24545875
89608b55187ffff,IN.MH.MU,62.69601933
89608b09007ffff,IN.MH.MU,61.64340709
89608b0920bffff,IN.MH.MU,75.56608345
89608b1924bffff,IN.MH.MU,44.81540939
89608b19ad7ffff,IN.MH.MU,68.00559467
89608b462a7ffff,IN.MH.MU,70.28284649
89608b54197ffff,IN.MH.MU,62.48541723
89608b55027ffff,IN.MH.MU,71.6061442
89608b56c27ffff,IN.MH.MU,69.05180852
89608b0906bffff,IN.MH.MU,70.08586145
89608b0928bffff,IN.MH.MU,74.57372579
89608b09493ffff,IN.MH.MU,69.60540156
89608b09617ffff,IN.MH.MU,77.77828559
89608b0b4d3ffff,IN.MH.MU,68.64577246
89608b47377ffff,IN.MH.MU,74.31622807
89608b4756fffff,IN.MH.MU,62.62264872
89608b54203ffff,IN.MH.MU,61.40872136
89608b54a4fffff,IN.MH.MU,57.45643987
89608b54a67ffff,IN.MH.MU,54.07725285
89608b551b7ffff,IN.MH.MU,68.87291225
89608b55977ffff,IN.MH.MU,54.37337467
89608b55edbffff,IN.MH.MU,66.35355411
89608b56a87ffff,IN.MH.MU,65.92805489
89608b56ddbffff,IN.MH.MU,68.85734835
89608b092cbffff,IN.MH.MU,77.71311062
89608b0944fffff,IN.MH.MU,71.65980939
89608b09457ffff,IN.MH.MU,69.75394306
89608b0965bffff,IN.MH.MU,73.64360762
89608b0b167ffff,IN.MH.MU,71.76831945
89608b19293ffff,IN.MH.MU,48.5109581
89608b19ac3ffff,IN.MH.MU,66.26115845
89608b19e07ffff,IN.MH.MU,52.15259045
89608b442c7ffff,IN.MH.MU,59.92110967
89608b45433ffff,IN.MH.MU,67.7362758
89608b45563ffff,IN.MH.MU,63.96598236
89608b46493ffff,IN.MH.MU,54.58885707
89608b46657ffff,IN.MH.MU,61.11990381
89608b475a7ffff,IN.MH.MU,57.12828476
89608b54837ffff,IN.MH.MU,74.95876183
89608b568c3ffff,IN.MH.MU,59.15325132
89608b56b0bffff,IN.MH.MU,72.43569609
89608b56cabffff,IN.MH.MU,68.91198569
89608b0b01bffff,IN.MH.MU,71.60629702
89608b0b473ffff,IN.MH.MU,68.59407275
89608b44003ffff,IN.MH.MU,67.97645879
89608b44197ffff,IN.MH.MU,63.2151493
89608b442a7ffff,IN.MH.MU,57.37719533
89608b4609bffff,IN.MH.MU,63.45313172
89608b5416fffff,IN.MH.MU,72.00444895
89608b542b3ffff,IN.MH.MU,58.97589658
89608b56833ffff,IN.MH.MU,71.60544703
89608b09213ffff,IN.MH.MU,74.41313703
89608b096a7ffff,IN.MH.MU,74.53144192
89608b0b06fffff,IN.MH.MU,73.81653342
89608b0b233ffff,IN.MH.MU,67.72769527
89608b45093ffff,IN.MH.MU,64.34083264
89608b45483ffff,IN.MH.MU,54.08972434
89608b4619bffff,IN.MH.MU,73.51244728
89608b54b3bffff,IN.MH.MU,73.34435472
89608b54cd7ffff,IN.MH.MU,67.63446785
89608b084c3ffff,IN.MH.MU,63.21135624
89608b0b04fffff,IN.MH.MU,70.59401118
89608b0b0abffff,IN.MH.MU,73.71702518
89608b0b357ffff,IN.MH.MU,74.04564104
89608b0b3abffff,IN.MH.MU,75.03380455
89608b19373ffff,IN.MH.MU,59.23001216
89608b450abffff,IN.MH.MU,57.97587884
89608b46593ffff,IN.MH.MU,76.94310597
89608b46a57ffff,IN.MH.MU,49.91191472
89608b47153ffff,IN.MH.MU,68.19206515
89608b47387ffff,IN.MH.MU,70.2309524
89608b5490fffff,IN.MH.MU,74.84964363
89608b55cb3ffff,IN.MH.MU,65.82409529
89608b5698fffff,IN.MH.MU,76.01923174
89608b56c93ffff,IN.MH.MU,64.56876618
89608b0904fffff,IN.MH.MU,71.3993498
89608b092a3ffff,IN.MH.MU,74.57394299
89608b094a7ffff,IN.MH.MU,70.09401594
89608b0963bffff,IN.MH.MU,72.38451657
89608b0b2cbffff,IN.MH.MU,60.52011201
89608b44487ffff,IN.MH.MU,71.27903279
89608b44573ffff,IN.MH.MU,70.86658099
89608b4640bffff,IN.MH.MU,53.85169581
89608b541bbffff,IN.MH.MU,67.40418565
89608b543afffff,IN.MH.MU,65.28469349
89608b549dbffff,IN.MH.MU,76.06075479
89608b54b7bffff,IN.MH.MU,67.75797352
89608b56953ffff,IN.MH.MU,75.21827175
89608b56a0fffff,IN.MH.MU,74.05519948
89608b093c3ffff,IN.MH.MU,66.06670424
89608b19287ffff,IN.MH.MU,51.84618136
89608b4403bffff,IN.MH.MU,69.14924988
89608b4546bffff,IN.MH.MU,53.655332
89608b46d0bffff,IN.MH.MU,58.05186309
89608b5419bffff,IN.MH.MU,63.02644633
89608b548bbffff,IN.MH.MU,74.66630606
89608b5501bffff,IN.MH.MU,53.27056463
89608b56913ffff,IN.MH.MU,74.78437602
89608b56957ffff,IN.MH.MU,75.6181623
89608b09227ffff,IN.MH.MU,69.91160998
89608b09257ffff,IN.MH.MU,76.27631548
89608b0948bffff,IN.MH.MU,70.65823526
89608b0969bffff,IN.MH.MU,75.10767907
89608b4552bffff,IN.MH.MU,61.71430488
89608b45593ffff,IN.MH.MU,76.51586533
89608b549a7ffff,IN.MH.MU,66.39583208
89608b54acfffff,IN.MH.MU,54.24621248
89608b54e83ffff,IN.MH.MU,73.17768607
89608b0b043ffff,IN.MH.MU,69.67184952
89608b19adbffff,IN.MH.MU,64.1020557
89608b44677ffff,IN.MH.MU,68.23033712
89608b44cd3ffff,IN.MH.MU,47.05239827
89608b454abffff,IN.MH.MU,65.18491871
89608b46177ffff,IN.MH.MU,64.60770117
89608b46823ffff,IN.MH.MU,49.19983672
89608b5439bffff,IN.MH.MU,66.8992887
89608b548afffff,IN.MH.MU,76.16807117
89608b54eb3ffff,IN.MH.MU,69.75439913
89608b55323ffff,IN.MH.MU,57.92410853
89608b553bbffff,IN.MH.MU,69.98563954
89608b56d6fffff,IN.MH.MU,73.30947773
89608b56dabffff,IN.MH.MU,63.15214957
89608b09553ffff,IN.MH.MU,65.93736061
89608b0b0a7ffff,IN.MH.MU,74.08647615
89608b0b1c7ffff,IN.MH.MU,78.04093267
89608b0b62fffff,IN.MH.MU,72.59997284
89608b44c03ffff,IN.MH.MU,42.75293689
89608b4624bffff,IN.MH.MU,67.33869838
89608b46aa3ffff,IN.MH.MU,47.03467293
89608b56a13ffff,IN.MH.MU,69.8660423
89608b56a2fffff,IN.MH.MU,72.51909758
89608b56c77ffff,IN.MH.MU,66.3099878
89608b09087ffff,IN.MH.MU,66.43542401
89608b19213ffff,IN.MH.MU,57.64194051
89608b19a17ffff,IN.MH.MU,57.71277037
89608b19a6fffff,IN.MH.MU,62.52429251
89608b44497ffff,IN.MH.MU,73.19913732
89608b444b3ffff,IN.MH.MU,73.51884649
89608b460d7ffff,IN.MH.MU,64.03639216
89608b4636bffff,IN.MH.MU,77.65769433
89608b541a3ffff,IN.MH.MU,70.18266334
89608b5481bffff,IN.MH.MU,73.3081241
89608b54a27ffff,IN.MH.MU,61.43808017
89608b54b17ffff,IN.MH.MU,72.62930214
89608b54c2bffff,IN.MH.MU,71.4315607
89608b55c5bffff,IN.MH.MU,67.29141139
89608b56a77ffff,IN.MH.MU,72.25234714
89608b08483ffff,IN.MH.MU,51.97287072
89608b0b30fffff,IN.MH.MU,72.9369047
89608b0b41bffff,IN.MH.MU,68.26066242
89608b460c3ffff,IN.MH.MU,67.1944831
89608b4621bffff,IN.MH.MU,66.57909271
89608b462dbffff,IN.MH.MU,59.3215657
89608b54843ffff,IN.MH.MU,67.46841938
89608b55e53ffff,IN.MH.MU,58.09256134
89608b56b6fffff,IN.MH.MU,73.33907391
89608b0906fffff,IN.MH.MU,64.35330049
89608b0b023ffff,IN.MH.MU,74.94601954
89608b0b3cfffff,IN.MH.MU,76.26375234
89608b44507ffff,IN.MH.MU,66.64901252
89608b446cfffff,IN.MH.MU,73.13763918
89608b54177ffff,IN.MH.MU,69.72380328
89608b5436bffff,IN.MH.MU,56.26862474
89608b5510bffff,IN.MH.MU,69.96123965
89608b56a37ffff,IN.MH.MU,77.58586952
89608b0b153ffff,IN.MH.MU,78.99420085
89608b0b693ffff,IN.MH.MU,81.60439757
89608b19303ffff,IN.MH.MU,52.92868213
89608b19e3bffff,IN.MH.MU,55.09167905
89608b4600bffff,IN.MH.MU,69.8654508
89608b46027ffff,IN.MH.MU,74.07243231
89608b4606fffff,IN.MH.MU,68.55644265
89608b460c7ffff,IN.MH.MU,67.27479163
89608b54253ffff,IN.MH.MU,58.37573353
89608b55067ffff,IN.MH.MU,64.98849316
89608b55933ffff,IN.MH.MU,59.76778893
89608b55c1bffff,IN.MH.MU,66.61811306
89608b56973ffff,IN.MH.MU,74.83909423
89608b09267ffff,IN.MH.MU,74.44050178
89608b0b33bffff,IN.MH.MU,72.58817253
89608b0b653ffff,IN.MH.MU,77.49837396
89608b446cbffff,IN.MH.MU,74.84174837
89608b466b3ffff,IN.MH.MU,63.73703889
89608b5499bffff,IN.MH.MU,71.61757557
89608b54a2bffff,IN.MH.MU,55.3451723
89608b54a9bffff,IN.MH.MU,59.38879077
89608b55527ffff,IN.MH.MU,56.7133346
89608b55937ffff,IN.MH.MU,59.90863565
89608b09237ffff,IN.MH.MU,72.62403648
89608b0b15bffff,IN.MH.MU,78.34812688
89608b19237ffff,IN.MH.MU,52.46433533
89608b4459bffff,IN.MH.MU,67.7248735
89608b46513ffff,IN.MH.MU,75.63484731
89608b54a97ffff,IN.MH.MU,63.38912984
89608b55103ffff,IN.MH.MU,69.61510299
89608b55167ffff,IN.MH.MU,68.19632239
89608b55523ffff,IN.MH.MU,54.88550717
89608b55ec3ffff,IN.MH.MU,65.0928845
89608b084d7ffff,IN.MH.MU,55.36073746
89608b09287ffff,IN.MH.MU,73.29266763
89608b19e2bffff,IN.MH.MU,59.59040096
89608b464a7ffff,IN.MH.MU,63.73163006
89608b46a6bffff,IN.MH.MU,46.21266362
89608b5496fffff,IN.MH.MU,73.24057609
89608b5497bffff,IN.MH.MU,73.59705335
89608b54cafffff,IN.MH.MU,75.52903673
89608b55c0bffff,IN.MH.MU,61.05391702
89608b56c33ffff,IN.MH.MU,67.16932066
89608b0946fffff,IN.MH.MU,75.88321965
89608b0b327ffff,IN.MH.MU,67.52186554
89608b19a93ffff,IN.MH.MU,61.15978696
89608b4453bffff,IN.MH.MU,64.78648487
89608b4604bffff,IN.MH.MU,71.37690453
89608b4617bffff,IN.MH.MU,68.56726386
89608b462abffff,IN.MH.MU,70.17035805
89608b4658bffff,IN.MH.MU,78.48114778
89608b46a93ffff,IN.MH.MU,50.29417439
89608b56a2bffff,IN.MH.MU,72.17702828
89608b0924fffff,IN.MH.MU,75.08446223
89608b0935bffff,IN.MH.MU,67.02316596
89608b44013ffff,IN.MH.MU,67.31253201
89608b4444bffff,IN.MH.MU,70.22078546
89608b4452bffff,IN.MH.MU,63.10581751
89608b45403ffff,IN.MH.MU,61.44493625
89608b462b7ffff,IN.MH.MU,70.14615982
89608b46333ffff,IN.MH.MU,70.39523078
89608b46343ffff,IN.MH.MU,75.73678167
89608b4642fffff,IN.MH.MU,64.45762202
89608b46a9bffff,IN.MH.MU,51.68132424
89608b5498fffff,IN.MH.MU,71.09040071
89608b54ed3ffff,IN.MH.MU,69.74227755
89608b55c97ffff,IN.MH.MU,69.45781562
89608b5689bffff,IN.MH.MU,69.65849544
89608b56b03ffff,IN.MH.MU,72.86032784
89608b56b7bffff,IN.MH.MU,73.01951952
89608b09233ffff,IN.MH.MU,74.94675792
89608b0b3c3ffff,IN.MH.MU,78.57541986
89608b0b64bffff,IN.MH.MU,71.00290412
89608b19313ffff,IN.MH.MU,49.01560877
89608b19e63ffff,IN.MH.MU,61.7273737
89608b455dbffff,IN.MH.MU,71.04162563
89608b46063ffff,IN.MH.MU,69.42583151
89608b460abffff,IN.MH.MU,75.13289315
89608b54b67ffff,IN.MH.MU,75.04948971
89608b54bb3ffff,IN.MH.MU,71.05237607
89608b54c9bffff,IN.MH.MU,68.35993289
89608b54d87ffff,IN.MH.MU,67.76776374
89608b568bbffff,IN.MH.MU,68.00707766
89608b56937ffff,IN.MH.MU,76.72465623
89608b56967ffff,IN.MH.MU,78.41970247
89608b56b43ffff,IN.MH.MU,71.77435965
89608b0b003ffff,IN.MH.MU,71.29714523
89608b1918fffff,IN.MH.MU,35.06316963
89608b1920fffff,IN.MH.MU,55.15705742
89608b44043ffff,IN.MH.MU,59.84392294
89608b4407bffff,IN.MH.MU,58.27865801
89608b441d3ffff,IN.MH.MU,61.41478696
89608b445abffff,IN.MH.MU,64.804037
89608b46263ffff,IN.MH.MU,69.2075054
89608b465d7ffff,IN.MH.MU,74.1906359
89608b47573ffff,IN.MH.MU,59.28708838
89608b54143ffff,IN.MH.MU,70.49933195
89608b54883ffff,IN.MH.MU,71.67781824
89608b0903bffff,IN.MH.MU,60.75145845
89608b0b107ffff,IN.MH.MU,76.59459783
89608b0b27bffff,IN.MH.MU,65.43969307
89608b44533ffff,IN.MH.MU,61.88973298
89608b46033ffff,IN.MH.MU,76.10693195
89608b46117ffff,IN.MH.MU,72.9329916
89608b461afffff,IN.MH.MU,68.83635966
89608b46367ffff,IN.MH.MU,71.06566704
89608b463afffff,IN.MH.MU,67.88329878
89608b46403ffff,IN.MH.MU,52.23901638
89608b47537ffff,IN.MH.MU,60.30827402
89608b5423bffff,IN.MH.MU,68.41826566
89608b5488bffff,IN.MH.MU,72.75613393
89608b55397ffff,IN.MH.MU,71.65180982
89608b56a5bffff,IN.MH.MU,62.66505351
89608b0922bffff,IN.MH.MU,76.29808044
89608b0b453ffff,IN.MH.MU,73.83841313
89608b0b647ffff,IN.MH.MU,73.7244997
89608b19e6bffff,IN.MH.MU,61.58598089
89608b442a3ffff,IN.MH.MU,60.70050155
89608b4610bffff,IN.MH.MU,74.36465369
89608b4625bffff,IN.MH.MU,65.77590023
89608b462d7ffff,IN.MH.MU,63.44105829
89608b46617ffff,IN.MH.MU,71.3338235
89608b46697ffff,IN.MH.MU,61.34998638
89608b5401bffff,IN.MH.MU,55.54225754
89608b5402fffff,IN.MH.MU,70.42849567
89608b54c0bffff,IN.MH.MU,68.80300553
89608b54e43ffff,IN.MH.MU,57.1422522
89608b555dbffff,IN.MH.MU,39.3369186
89608b09243ffff,IN.MH.MU,74.55810324
89608b094b3ffff,IN.MH.MU,73.3827169
89608b0b363ffff,IN.MH.MU,72.70281981
89608b19cc7ffff,IN.MH.MU,37.61762513
89608b44287ffff,IN.MH.MU,59.29548595
89608b44653ffff,IN.MH.MU,75.01501862
89608b46633ffff,IN.MH.MU,67.42633214
89608b46ad3ffff,IN.MH.MU,56.70455488
89608b5422fffff,IN.MH.MU,69.64928037
89608b5491bffff,IN.MH.MU,73.80723525
89608b551afffff,IN.MH.MU,69.8566001
89608b551dbffff,IN.MH.MU,63.12434869
89608b5532fffff,IN.MH.MU,64.93316535
89608b559b3ffff,IN.MH.MU,60.99634143
89608b568d7ffff,IN.MH.MU,64.45388201
89608b09467ffff,IN.MH.MU,73.33720026
89608b09607ffff,IN.MH.MU,74.58817393
89608b0b04bffff,IN.MH.MU,69.8283392
89608b0b1cbffff,IN.MH.MU,78.17394283
89608b44037ffff,IN.MH.MU,64.15210114
89608b44c57ffff,IN.MH.MU,44.83442951
89608b46453ffff,IN.MH.MU,55.80305612
89608b54d2fffff,IN.MH.MU,65.31578464
89608b56d67ffff,IN.MH.MU,74.88430227
89608b03073ffff,IN.MH.MU,71.67262103
89608b09473ffff,IN.MH.MU,73.03361012
89608b19127ffff,IN.MH.MU,38.84484656
89608b19353ffff,IN.MH.MU,54.77973267
89608b19397ffff,IN.MH.MU,41.4449188
89608b19eb3ffff,IN.MH.MU,43.74913807
89608b446d3ffff,IN.MH.MU,73.83699609
89608b450b3ffff,IN.MH.MU,64.37669274
89608b4605bffff,IN.MH.MU,69.9984235
89608b46227ffff,IN.MH.MU,76.39665744
89608b46317ffff,IN.MH.MU,73.17840307
89608b541c3ffff,IN.MH.MU,67.44665746
89608b54367ffff,IN.MH.MU,54.16082117
89608b54d0fffff,IN.MH.MU,65.91483659
89608b55173ffff,IN.MH.MU,71.14943447
89608b56903ffff,IN.MH.MU,75.20598409
89608b56d47ffff,IN.MH.MU,70.10178018
89608b0b197ffff,IN.MH.MU,68.16711612
89608b0b337ffff,IN.MH.MU,71.20017076
89608b19a4fffff,IN.MH.MU,68.10058
89608b19c6fffff,IN.MH.MU,40.85809517
89608b19e0bffff,IN.MH.MU,54.67448865
89608b440b3ffff,IN.MH.MU,68.7149475
89608b445b3ffff,IN.MH.MU,61.76826732
89608b461b7ffff,IN.MH.MU,75.03926582
89608b4639bffff,IN.MH.MU,69.19213224
89608b466cbffff,IN.MH.MU,53.68776104
89608b54527ffff,IN.MH.MU,59.86493742
89608b549a3ffff,IN.MH.MU,67.79528493
89608b54c8bffff,IN.MH.MU,68.97516841
89608b56867ffff,IN.MH.MU,72.80680318
89608b0b017ffff,IN.MH.MU,71.69494062
89608b1988bffff,IN.MH.MU,39.41795977
89608b44597ffff,IN.MH.MU,61.3124657
89608b445b7ffff,IN.MH.MU,62.26770584
89608b44607ffff,IN.MH.MU,66.19664344
89608b462cbffff,IN.MH.MU,60.9278198
89608b46673ffff,IN.MH.MU,63.24905798
89608b55183ffff,IN.MH.MU,59.86065007
89608b551abffff,IN.MH.MU,69.74282308
89608b569abffff,IN.MH.MU,77.84238385
89608b56b8bffff,IN.MH.MU,76.59783711
89608b56c8fffff,IN.MH.MU,70.63959679
89608b0b113ffff,IN.MH.MU,78.30771911
89608b442c3ffff,IN.MH.MU,61.376421
89608b445d7ffff,IN.MH.MU,70.04648267
89608b44637ffff,IN.MH.MU,64.13129777
89608b45553ffff,IN.MH.MU,68.67604873
89608b465afffff,IN.MH.MU,78.70414149
89608b46603ffff,IN.MH.MU,67.74872111
89608b46a5bffff,IN.MH.MU,57.80886766
89608b46ac7ffff,IN.MH.MU,49.9615137
89608b5456bffff,IN.MH.MU,62.22623868
89608b549cfffff,IN.MH.MU,73.89701571
89608b55117ffff,IN.MH.MU,67.55905127
89608b0b273ffff,IN.MH.MU,64.51647886
89608b4409bffff,IN.MH.MU,70.17721519
89608b46523ffff,IN.MH.MU,75.70211951
89608b46ab7ffff,IN.MH.MU,48.15139669
89608b46dbbffff,IN.MH.MU,53.01073337
89608b4711bffff,IN.MH.MU,65.71274224
89608b54387ffff,IN.MH.MU,71.7218937
89608b54e33ffff,IN.MH.MU,66.73345618
89608b559abffff,IN.MH.MU,61.12835236
89608b55e87ffff,IN.MH.MU,63.80609995
89608b55eb7ffff,IN.MH.MU,57.97843036
89608b5656fffff,IN.MH.MU,36.21053073
89608b5695bffff,IN.MH.MU,74.49792732
89608b569cbffff,IN.MH.MU,76.29693822
89608b0944bffff,IN.MH.MU,71.6035614
89608b0966bffff,IN.MH.MU,75.94432031
89608b096abffff,IN.MH.MU,74.03206173
89608b096d3ffff,IN.MH.MU,72.19582021
89608b44557ffff,IN.MH.MU,73.27180663
89608b46103ffff,IN.MH.MU,73.94766345
89608b46dc3ffff,IN.MH.MU,61.66716176
89608b54307ffff,IN.MH.MU,62.81333389
89608b55313ffff,IN.MH.MU,75.37113775
89608b56d5bffff,IN.MH.MU,71.18998581
89608b0b0cbffff,IN.MH.MU,71.28807657
89608b0b257ffff,IN.MH.MU,60.92479137
89608b0b35bffff,IN.MH.MU,70.00011829
89608b44c6bffff,IN.MH.MU,44.74439741
89608b463dbffff,IN.MH.MU,72.68211182
89608b54243ffff,IN.MH.MU,60.70327829
89608b543abffff,IN.MH.MU,65.75604004
89608b55063ffff,IN.MH.MU,63.62258217
89608b0b02bffff,IN.MH.MU,74.59982821
89608b44023ffff,IN.MH.MU,66.96938262
89608b44207ffff,IN.MH.MU,60.5065833
89608b45533ffff,IN.MH.MU,68.10000718
89608b46443ffff,IN.MH.MU,57.26467464
89608b4656bffff,IN.MH.MU,73.76488126
89608b46873ffff,IN.MH.MU,46.97293174
89608b47367ffff,IN.MH.MU,74.68159277
89608b54b5bffff,IN.MH.MU,59.19775011
89608b55033ffff,IN.MH.MU,64.86790587
89608b55e83ffff,IN.MH.MU,64.4694929
89608b569dbffff,IN.MH.MU,75.65242774
89608b092c3ffff,IN.MH.MU,76.68749108
89608b09627ffff,IN.MH.MU,70.00349692
89608b0b3a7ffff,IN.MH.MU,77.01369579
89608b19e43ffff,IN.MH.MU,55.65247649
89608b19e8fffff,IN.MH.MU,50.02063815
89608b4460fffff,IN.MH.MU,68.64840853
89608b4509bffff,IN.MH.MU,60.59852504
89608b46293ffff,IN.MH.MU,68.19614918
89608b4637bffff,IN.MH.MU,77.37273185
89608b46d57ffff,IN.MH.MU,59.57417983
89608b47173ffff,IN.MH.MU,67.4157017
89608b54897ffff,IN.MH.MU,73.26890444
89608b54c87ffff,IN.MH.MU,70.04241238
89608b56993ffff,IN.MH.MU,72.70239108
89608b56a43ffff,IN.MH.MU,67.30922458
89608b56bc7ffff,IN.MH.MU,75.47987319
89608b0934bffff,IN.MH.MU,66.00799343
89608b094c3ffff,IN.MH.MU,68.58086109
89608b0b563ffff,IN.MH.MU,69.18273037
89608b19357ffff,IN.MH.MU,55.58372833
89608b19367ffff,IN.MH.MU,57.58836571
89608b193d7ffff,IN.MH.MU,46.17592142
89608b44187ffff,IN.MH.MU,59.87492314
89608b444d3ffff,IN.MH.MU,68.60874817
89608b464c3ffff,IN.MH.MU,56.71133067
89608b4660bffff,IN.MH.MU,64.13378076
89608b4717bffff,IN.MH.MU,67.93497008
89608b55163ffff,IN.MH.MU,69.70594701
89608b551cbffff,IN.MH.MU,67.30000414
89608b55c17ffff,IN.MH.MU,65.07519023
89608b0849bffff,IN.MH.MU,52.23534803
89608b0b13bffff,IN.MH.MU,74.86673986
89608b199bbffff,IN.MH.MU,57.25621131
89608b460b3ffff,IN.MH.MU,70.57630436
89608b54347ffff,IN.MH.MU,65.23515938
89608b559a3ffff,IN.MH.MU,64.58855511
89608b0b333ffff,IN.MH.MU,72.22802214
89608b19e93ffff,IN.MH.MU,43.82021073
89608b45517ffff,IN.MH.MU,71.254082
89608b46037ffff,IN.MH.MU,76.31527748
89608b46277ffff,IN.MH.MU,69.16656766
89608b46297ffff,IN.MH.MU,70.06595661
89608b46347ffff,IN.MH.MU,75.77454052
89608b463abffff,IN.MH.MU,73.41301493
89608b465a3ffff,IN.MH.MU,78.06985556
89608b466c3ffff,IN.MH.MU,57.1116642
89608b46ed3ffff,IN.MH.MU,59.96764776
89608b47147ffff,IN.MH.MU,67.35074174
89608b47313ffff,IN.MH.MU,66.85188657
89608b54d93ffff,IN.MH.MU,71.91829258
89608b56b83ffff,IN.MH.MU,73.80017393
89608b56d37ffff,IN.MH.MU,64.97556081
89608b096dbffff,IN.MH.MU,71.219204
89608b0b69bffff,IN.MH.MU,79.23295349
89608b4638fffff,IN.MH.MU,71.3917516
89608b465abffff,IN.MH.MU,76.95698127
89608b465cfffff,IN.MH.MU,70.3687963
89608b46db3ffff,IN.MH.MU,48.97235634
89608b541c7ffff,IN.MH.MU,66.99871034
89608b54b93ffff,IN.MH.MU,67.88370987
89608b553b7ffff,IN.MH.MU,71.88948899
89608b55cdbffff,IN.MH.MU,69.34800811
89608b56d3bffff,IN.MH.MU,68.824671
89608b09343ffff,IN.MH.MU,65.19901017
89608b0b4cfffff,IN.MH.MU,70.23038455
89608b0b60fffff,IN.MH.MU,75.50216057
89608b1904bffff,IN.MH.MU,46.05858365
89608b44293ffff,IN.MH.MU,61.65580097
89608b444dbffff,IN.MH.MU,70.25802747
89608b463bbffff,IN.MH.MU,71.34807774
89608b54323ffff,IN.MH.MU,58.51692651
89608b0b21bffff,IN.MH.MU,59.44153638
89608b44627ffff,IN.MH.MU,61.66219689
89608b475b7ffff,IN.MH.MU,56.33578359
89608b5486bffff,IN.MH.MU,64.67767927
89608b548d7ffff,IN.MH.MU,71.6606746
89608b54cd3ffff,IN.MH.MU,68.37276651
89608b54ea7ffff,IN.MH.MU,69.70322451
89608b5508fffff,IN.MH.MU,52.74314699
89608b5682fffff,IN.MH.MU,75.43056512
89608b56dd3ffff,IN.MH.MU,64.59240591
89608b0b54fffff,IN.MH.MU,66.26303955
89608b44217ffff,IN.MH.MU,60.77905933
89608b44447ffff,IN.MH.MU,68.39670527
89608b46a4bffff,IN.MH.MU,58.1266697
89608b4718fffff,IN.MH.MU,66.01247554
89608b5416bffff,IN.MH.MU,70.23103612
89608b542a7ffff,IN.MH.MU,66.08864016
89608b5432fffff,IN.MH.MU,56.82252385
89608b54877ffff,IN.MH.MU,70.74297105
89608b55cc7ffff,IN.MH.MU,70.16827572
89608b56c57ffff,IN.MH.MU,60.22670231
89608b09453ffff,IN.MH.MU,69.38150692
89608b193bbffff,IN.MH.MU,45.94092966
89608b19a87ffff,IN.MH.MU,58.40683476
89608b44093ffff,IN.MH.MU,70.74846678
89608b44567ffff,IN.MH.MU,63.3370166
89608b45507ffff,IN.MH.MU,70.64003122
89608b4614bffff,IN.MH.MU,70.21381591
89608b4710bffff,IN.MH.MU,66.94958873
89608b47373ffff,IN.MH.MU,71.60634563
89608b475b3ffff,IN.MH.MU,52.37613994
89608b540bbffff,IN.MH.MU,63.47893179
89608b54b83ffff,IN.MH.MU,68.87646329
89608b54c0fffff,IN.MH.MU,69.60082612
89608b55577ffff,IN.MH.MU,53.80230124
89608b5598bffff,IN.MH.MU,53.22568015
89608b08697ffff,IN.MH.MU,65.85398119
89608b46253ffff,IN.MH.MU,63.39816973
89608b4626bffff,IN.MH.MU,69.05724904
89608b46a73ffff,IN.MH.MU,44.68138172
89608b46c97ffff,IN.MH.MU,68.54534138
89608b55123ffff,IN.MH.MU,69.46899755
89608b55c4bffff,IN.MH.MU,65.05925037
89608b19223ffff,IN.MH.MU,55.16217349
89608b192abffff,IN.MH.MU,53.65425909
89608b1934bffff,IN.MH.MU,63.11018853
89608b46467ffff,IN.MH.MU,59.56663646
89608b47113ffff,IN.MH.MU,66.43678755
89608b0b40fffff,IN.MH.MU,65.91079159
89608b19273ffff,IN.MH.MU,54.57382561
89608b19a67ffff,IN.MH.MU,56.80228267
89608b44477ffff,IN.MH.MU,71.96864469
89608b44543ffff,IN.MH.MU,71.47422734
89608b44577ffff,IN.MH.MU,66.37277712
89608b46d17ffff,IN.MH.MU,57.7968252
89608b54153ffff,IN.MH.MU,71.12743653
89608b55c47ffff,IN.MH.MU,61.21613739
89608b56923ffff,IN.MH.MU,79.69630974
89608b569c3ffff,IN.MH.MU,76.47644609
89608b56babffff,IN.MH.MU,70.40042941
89608b56d57ffff,IN.MH.MU,69.25021695
89608b08657ffff,IN.MH.MU,59.2018902
89608b094c7ffff,IN.MH.MU,69.19033886
89608b0a527ffff,IN.MH.MU,63.15974559
89608b0b173ffff,IN.MH.MU,77.9077888
89608b44407ffff,IN.MH.MU,68.95755562
89608b44417ffff,IN.MH.MU,67.94088933
89608b44c0bffff,IN.MH.MU,43.80368924
89608b46257ffff,IN.MH.MU,66.32872996
89608b46a43ffff,IN.MH.MU,54.60617813
89608b54c43ffff,IN.MH.MU,68.82755506
89608b56aa7ffff,IN.MH.MU,75.31478329
89608b0b29bffff,IN.MH.MU,65.5992729
89608b19c6bffff,IN.MH.MU,43.18295512
89608b44113ffff,IN.MH.MU,53.28366221
89608b441dbffff,IN.MH.MU,62.64675866
89608b44443ffff,IN.MH.MU,70.93427153
89608b465c7ffff,IN.MH.MU,74.72466527
89608b466abffff,IN.MH.MU,67.42103633
89608b5412fffff,IN.MH.MU,69.39162739
89608b54353ffff,IN.MH.MU,69.25447594
89608b5485bffff,IN.MH.MU,67.88267694
89608b54ac3ffff,IN.MH.MU,55.59337051
89608b54b1bffff,IN.MH.MU,66.21966427
89608b550a7ffff,IN.MH.MU,59.10100457
89608b56aabffff,IN.MH.MU,73.92171217
89608b56aafffff,IN.MH.MU,76.41771437
89608b56cafffff,IN.MH.MU,68.84497946
89608b446dbffff,IN.MH.MU,74.32077383
89608b450c7ffff,IN.MH.MU,49.68511336
89608b4607bffff,IN.MH.MU,69.33763622
89608b54833ffff,IN.MH.MU,75.4376274
89608b54957ffff,IN.MH.MU,74.42538515
89608b54a4bffff,IN.MH.MU,56.69123999
89608b54aa7ffff,IN.MH.MU,65.5214317
89608b55c83ffff,IN.MH.MU,70.22943546
89608b09697ffff,IN.MH.MU,73.6206835
89608b0b06bffff,IN.MH.MU,72.26016562
89608b0b26bffff,IN.MH.MU,67.99224273
89608b445bbffff,IN.MH.MU,64.11457595
89608b455c3ffff,IN.MH.MU,72.84537757
89608b46247ffff,IN.MH.MU,67.9100289
89608b46dcfffff,IN.MH.MU,60.28881149
89608b47193ffff,IN.MH.MU,63.43965845
89608b54943ffff,IN.MH.MU,75.70152001
89608b54c6bffff,IN.MH.MU,71.83873932
89608b55db3ffff,IN.MH.MU,54.04852362
89608b56897ffff,IN.MH.MU,71.24521734
89608b56d03ffff,IN.MH.MU,68.87824058
89608b0901bffff,IN.MH.MU,70.46614785
89608b0b037ffff,IN.MH.MU,75.93232167
89608b0b1a3ffff,IN.MH.MU,73.61140373
89608b0b6afffff,IN.MH.MU,73.59547707
89608b442dbffff,IN.MH.MU,67.46798534
89608b455cbffff,IN.MH.MU,69.57346634
89608b46007ffff,IN.MH.MU,74.99359464
89608b46d03ffff,IN.MH.MU,58.51371236
89608b54343ffff,IN.MH.MU,67.77797276
89608b54b87ffff,IN.MH.MU,69.55175439
89608b0907bffff,IN.MH.MU,70.64026863
89608b0926fffff,IN.MH.MU,74.19694154
89608b0b143ffff,IN.MH.MU,80.31042578
89608b0b663ffff,IN.MH.MU,67.02011508
89608b4462fffff,IN.MH.MU,61.28386471
89608b44633ffff,IN.MH.MU,63.00626396
89608b4686bffff,IN.MH.MU,49.58153937
89608b471dbffff,IN.MH.MU,65.6767213
89608b54247ffff,IN.MH.MU,65.00849086
89608b54863ffff,IN.MH.MU,66.49304757
89608b5488fffff,IN.MH.MU,72.64822287
89608b548a7ffff,IN.MH.MU,77.04555159
89608b54cabffff,IN.MH.MU,71.14505647
89608b54e9bffff,IN.MH.MU,72.24600838
89608b55cabffff,IN.MH.MU,60.65464759
89608b55e13ffff,IN.MH.MU,59.81744483
89608b56c63ffff,IN.MH.MU,65.42998963
89608b093cfffff,IN.MH.MU,64.70637434
89608b096b3ffff,IN.MH.MU,72.98937425
89608b0b407ffff,IN.MH.MU,61.98680151
89608b1927bffff,IN.MH.MU,53.74775948
89608b19343ffff,IN.MH.MU,57.42682121
89608b454a7ffff,IN.MH.MU,71.67287216
89608b46203ffff,IN.MH.MU,68.3173383
89608b4623bffff,IN.MH.MU,71.17368404
89608b4626fffff,IN.MH.MU,67.03169975
89608b465d3ffff,IN.MH.MU,69.59589778
89608b46647ffff,IN.MH.MU,58.63328013
89608b46cafffff,IN.MH.MU,63.86337436
89608b54853ffff,IN.MH.MU,70.54785011
89608b5514bffff,IN.MH.MU,73.23937012
89608b55ebbffff,IN.MH.MU,61.30185012
89608b56847ffff,IN.MH.MU,67.2279303
89608b568cbffff,IN.MH.MU,54.78283868
89608b0940fffff,IN.MH.MU,70.86525291
89608b09433ffff,IN.MH.MU,68.82420287
89608b0b0c3ffff,IN.MH.MU,71.82743107
89608b0b68bffff,IN.MH.MU,79.93320497
89608b19843ffff,IN.MH.MU,52.6105652
89608b45087ffff,IN.MH.MU,62.3614156
89608b455a7ffff,IN.MH.MU,68.24155704
89608b460afffff,IN.MH.MU,75.83816869
89608b466d7ffff,IN.MH.MU,59.9579685
89608b470afffff,IN.MH.MU,61.82858094
89608b473b3ffff,IN.MH.MU,70.27973223
89608b541b3ffff,IN.MH.MU,69.8409339
89608b54577ffff,IN.MH.MU,56.51214177
89608b5484bffff,IN.MH.MU,64.61820555
89608b54db3ffff,IN.MH.MU,65.78967076
89608b55153ffff,IN.MH.MU,72.79930902
89608b55eb3ffff,IN.MH.MU,62.63052767
89608b56907ffff,IN.MH.MU,76.95520038
89608b5692fffff,IN.MH.MU,81.94252456
89608b56da3ffff,IN.MH.MU,59.61494019
89608b56dafffff,IN.MH.MU,62.40244222
89608b090b3ffff,IN.MH.MU,65.04054357
89608b0b283ffff,IN.MH.MU,68.45104681
89608b0b32bffff,IN.MH.MU,71.04141456
89608b0b463ffff,IN.MH.MU,67.65439999
89608b0b617ffff,IN.MH.MU,77.6213622
89608b19c9bffff,IN.MH.MU,34.27180622
89608b19e4bffff,IN.MH.MU,56.01159247
89608b44203ffff,IN.MH.MU,57.24784404
89608b44523ffff,IN.MH.MU,60.95181213
89608b445cbffff,IN.MH.MU,70.99345487
89608b45457ffff,IN.MH.MU,52.23793157
89608b45487ffff,IN.MH.MU,59.40565947
89608b4550bffff,IN.MH.MU,69.34105498
89608b46a0bffff,IN.MH.MU,47.10729485
89608b46d07ffff,IN.MH.MU,59.54756053
89608b473bbffff,IN.MH.MU,69.76816956
89608b54cb3ffff,IN.MH.MU,71.47302204
89608b54cb7ffff,IN.MH.MU,72.35446788
89608b550abffff,IN.MH.MU,62.80101241
89608b568cfffff,IN.MH.MU,58.51670925
89608b09277ffff,IN.MH.MU,77.94988738
89608b0b00fffff,IN.MH.MU,72.30305548
89608b4550fffff,IN.MH.MU,67.28847696
89608b4556fffff,IN.MH.MU,58.50970495
89608b461d3ffff,IN.MH.MU,75.62349879
89608b4702fffff,IN.MH.MU,61.10105758
89608b4730bffff,IN.MH.MU,68.90529755
89608b54a87ffff,IN.MH.MU,60.46913427
89608b54c97ffff,IN.MH.MU,70.29633606
89608b55c9bffff,IN.MH.MU,71.43847244
89608b08643ffff,IN.MH.MU,56.50260414
89608b19317ffff,IN.MH.MU,48.27292338
89608b19aafffff,IN.MH.MU,53.03623103
89608b19e77ffff,IN.MH.MU,59.38785239
89608b4603bffff,IN.MH.MU,75.1986391
89608b4650bffff,IN.MH.MU,71.21689546
89608b473a7ffff,IN.MH.MU,72.73522488
89608b543cfffff,IN.MH.MU,66.87094906
89608b54c7bffff,IN.MH.MU,70.8490273
89608b54db7ffff,IN.MH.MU,63.72025377
89608b551bbffff,IN.MH.MU,67.06744167
89608b55cc3ffff,IN.MH.MU,70.65776417
89608b56a73ffff,IN.MH.MU,72.11770342
89608b086cfffff,IN.MH.MU,65.36869137
89608b09633ffff,IN.MH.MU,72.80753972
89608b0968bffff,IN.MH.MU,77.92428383
89608b0b1a7ffff,IN.MH.MU,69.53508632
89608b0b48bffff,IN.MH.MU,60.99955092
89608b46217ffff,IN.MH.MU,70.37910299
89608b462a3ffff,IN.MH.MU,71.26154544
89608b4752fffff,IN.MH.MU,61.97591049
89608b4757bffff,IN.MH.MU,57.1421555
89608b54313ffff,IN.MH.MU,68.51234378
89608b549afffff,IN.MH.MU,67.55154015
89608b549c7ffff,IN.MH.MU,73.33923558
89608b54e87ffff,IN.MH.MU,70.20795987
89608b569b3ffff,IN.MH.MU,73.3710015
89608b56d7bffff,IN.MH.MU,70.50485901
89608b09447ffff,IN.MH.MU,70.99973401
89608b44007ffff,IN.MH.MU,68.15735786
89608b44683ffff,IN.MH.MU,70.2620347
89608b4542fffff,IN.MH.MU,67.23025956
89608b466afffff,IN.MH.MU,65.32428941
89608b469dbffff,IN.MH.MU,47.30782104
89608b473b7ffff,IN.MH.MU,69.4523353
89608b543bbffff,IN.MH.MU,68.56721151
89608b543cbffff,IN.MH.MU,67.1952544
89608b54d8bffff,IN.MH.MU,71.24263704
89608b56a7bffff,IN.MH.MU,71.82612306
89608b0959bffff,IN.MH.MU,67.0613875
89608b0b44fffff,IN.MH.MU,73.07967281
89608b19ad3ffff,IN.MH.MU,64.46262071
89608b44193ffff,IN.MH.MU,62.7726545
89608b442b3ffff,IN.MH.MU,60.33335445
89608b442d7ffff,IN.MH.MU,63.17870845
89608b46413ffff,IN.MH.MU,51.64362392
89608b4649bffff,IN.MH.MU,53.12760143
89608b4656fffff,IN.MH.MU,74.39357166
89608b5550bffff,IN.MH.MU,48.1605957
89608b55cbbffff,IN.MH.MU,65.26301885
89608b56807ffff,IN.MH.MU,67.64006219
89608b56a63ffff,IN.MH.MU,71.19507693
89608b09077ffff,IN.MH.MU,65.49063586
89608b093c7ffff,IN.MH.MU,58.62209225
89608b0966fffff,IN.MH.MU,75.1962862
89608b44083ffff,IN.MH.MU,69.26000875
89608b4446bffff,IN.MH.MU,66.76996838
89608b455b3ffff,IN.MH.MU,71.47288427
89608b455d3ffff,IN.MH.MU,72.34441469
89608b5438bffff,IN.MH.MU,67.19551225
89608b54b73ffff,IN.MH.MU,71.08438316
89608b55c13ffff,IN.MH.MU,68.50661673
89608b0a297ffff,IN.MH.MU,70.7338699
89608b19e6fffff,IN.MH.MU,64.60972114
89608b4543bffff,IN.MH.MU,67.59789077
89608b46543ffff,IN.MH.MU,67.40323817
89608b46553ffff,IN.MH.MU,66.63789785
89608b46adbffff,IN.MH.MU,57.31696894
89608b46b9bffff,IN.MH.MU,49.88281614
89608b471a3ffff,IN.MH.MU,69.75924479
89608b54c27ffff,IN.MH.MU,76.06148494
89608b55cd3ffff,IN.MH.MU,71.19901244
89608b5686fffff,IN.MH.MU,74.71817126
89608b5698bffff,IN.MH.MU,74.75477001
89608b56cd3ffff,IN.MH.MU,59.64451677
89608b086c3ffff,IN.MH.MU,72.52101301
89608b09283ffff,IN.MH.MU,73.30252607
89608b0b127ffff,IN.MH.MU,68.16267873
89608b19a53ffff,IN.MH.MU,70.17604321
89608b46273ffff,IN.MH.MU,69.11841493
89608b46da3ffff,IN.MH.MU,50.16722618
89608b4737bffff,IN.MH.MU,69.32371104
89608b5539bffff,IN.MH.MU,64.86588833
89608b086cbffff,IN.MH.MU,69.32501508
89608b09347ffff,IN.MH.MU,64.55889215
89608b0b063ffff,IN.MH.MU,71.82058533
89608b0b6a7ffff,IN.MH.MU,71.41779302
89608b0b6dbffff,IN.MH.MU,74.61595337
89608b4400bffff,IN.MH.MU,64.67798576
89608b44063ffff,IN.MH.MU,59.02929235
89608b442cbffff,IN.MH.MU,61.42235966
89608b46097ffff,IN.MH.MU,68.48481022
89608b46193ffff,IN.MH.MU,73.53381065
89608b4632bffff,IN.MH.MU,68.41190947
89608b46a53ffff,IN.MH.MU,54.28387825
89608b548abffff,IN.MH.MU,75.52016163
89608b54d9bffff,IN.MH.MU,72.81347713
89608b54e37ffff,IN.MH.MU,68.95005873
89608b55c03ffff,IN.MH.MU,63.2338195
89608b56c87ffff,IN.MH.MU,68.60928909
89608b56d2fffff,IN.MH.MU,69.81842366
89608b0869bffff,IN.MH.MU,68.18611306
89608b19a5bffff,IN.MH.MU,70.5235571
89608b471d7ffff,IN.MH.MU,63.55447492
89608b47343ffff,IN.MH.MU,61.38267867
89608b5437bffff,IN.MH.MU,61.84937041
89608b54b6fffff,IN.MH.MU,74.24022555
89608b54b8bffff,IN.MH.MU,65.81502611
89608b56d53ffff,IN.MH.MU,69.18832344
89608b56db7ffff,IN.MH.MU,59.41971311
89608b09003ffff,IN.MH.MU,65.90038017
89608b09407ffff,IN.MH.MU,69.98876402
89608b095d7ffff,IN.MH.MU,65.33062599
89608b0b0b7ffff,IN.MH.MU,71.11863561
89608b19207ffff,IN.MH.MU,54.86177816
89608b19263ffff,IN.MH.MU,59.6877023
89608b44ccfffff,IN.MH.MU,47.64897415
89608b462d3ffff,IN.MH.MU,59.52776756
89608b466bbffff,IN.MH.MU,67.30923668
89608b46aafffff,IN.MH.MU,45.86267586
89608b47363ffff,IN.MH.MU,73.03573101
89608b568b3ffff,IN.MH.MU,70.02858752
89608b56d43ffff,IN.MH.MU,71.70924998
89608b19c8bffff,IN.MH.MU,35.93586092
89608b4414bffff,IN.MH.MU,54.44555512
89608b44397ffff,IN.MH.MU,57.02889319
89608b4450bffff,IN.MH.MU,71.84266447
89608b463a3ffff,IN.MH.MU,69.6860467
89608b5495bffff,IN.MH.MU,73.10918289
89608b5514fffff,IN.MH.MU,72.97988673
89608b5694fffff,IN.MH.MU,71.00767132
89608b08693ffff,IN.MH.MU,69.05907514
89608b094bbffff,IN.MH.MU,72.78774561
89608b0961bffff,IN.MH.MU,76.77442128
89608b0b053ffff,IN.MH.MU,70.91230381
89608b0b39bffff,IN.MH.MU,76.06525784
89608b0b3afffff,IN.MH.MU,74.95082978
89608b440a3ffff,IN.MH.MU,68.20003631
89608b46677ffff,IN.MH.MU,65.79808308
89608b471abffff,IN.MH.MU,66.96509117
89608b47507ffff,IN.MH.MU,57.41587592
89608b54013ffff,IN.MH.MU,57.94903554
89608b54a7bffff,IN.MH.MU,56.59312532
89608b54bbbffff,IN.MH.MU,70.95754059
89608b55197ffff,IN.MH.MU,59.59544732
89608b56b1bffff,IN.MH.MU,74.3111989
89608b0964bffff,IN.MH.MU,75.51847027
89608b1934fffff,IN.MH.MU,61.18468815
89608b19863ffff,IN.MH.MU,53.02614205
89608b4686fffff,IN.MH.MU,48.73464459
89608b47323ffff,IN.MH.MU,76.51584861
89608b54b2fffff,IN.MH.MU,74.57152744
89608b54b57ffff,IN.MH.MU,65.43616861
89608b54d37ffff,IN.MH.MU,60.41754299
89608b093d7ffff,IN.MH.MU,62.14409642
89608b0962bffff,IN.MH.MU,71.42406277
89608b441bbffff,IN.MH.MU,53.44194831
89608b45473ffff,IN.MH.MU,60.82172464
89608b4628fffff,IN.MH.MU,69.32820146
89608b4660fffff,IN.MH.MU,66.63144488
89608b4661bffff,IN.MH.MU,64.97832842
89608b466cfffff,IN.MH.MU,59.75153295
89608b46d47ffff,IN.MH.MU,58.40307452
89608b54c23ffff,IN.MH.MU,73.27216864
89608b5518fffff,IN.MH.MU,62.89779201
89608b55903ffff,IN.MH.MU,54.99085298
89608b55ca3ffff,IN.MH.MU,61.29148801
89608b568b7ffff,IN.MH.MU,70.04297163
89608b56b4fffff,IN.MH.MU,71.25241048
89608b0909bffff,IN.MH.MU,73.44465568
89608b0921bffff,IN.MH.MU,76.55856943
89608b096c7ffff,IN.MH.MU,77.12453604
89608b0b067ffff,IN.MH.MU,73.63630811
89608b0b1afffff,IN.MH.MU,75.04346267
89608b19347ffff,IN.MH.MU,58.86685273
89608b441b3ffff,IN.MH.MU,54.59174622
89608b44c0fffff,IN.MH.MU,41.93405194
89608b54c93ffff,IN.MH.MU,69.81776205
89608b5684fffff,IN.MH.MU,68.29245573
89608b56a6fffff,IN.MH.MU,69.09201489
89608b0b237ffff,IN.MH.MU,69.97089438
89608b0b443ffff,IN.MH.MU,73.08253708
89608b4419bffff,IN.MH.MU,61.13653613
89608b444c3ffff,IN.MH.MU,69.62559394
89608b454b3ffff,IN.MH.MU,62.58716244
89608b46087ffff,IN.MH.MU,69.67818908
89608b4652fffff,IN.MH.MU,74.04556568
89608b46cb3ffff,IN.MH.MU,65.42480518
89608b47523ffff,IN.MH.MU,61.5967178
89608b569bbffff,IN.MH.MU,76.98677352
89608b095cbffff,IN.MH.MU,64.9087557
89608b09603ffff,IN.MH.MU,76.94933608
89608b0b6d7ffff,IN.MH.MU,78.78397147
89608b19857ffff,IN.MH.MU,48.66833054
89608b19a63ffff,IN.MH.MU,60.3234712
89608b44453ffff,IN.MH.MU,74.29048012
89608b44547ffff,IN.MH.MU,71.13631339
89608b44593ffff,IN.MH.MU,65.11687157
89608b4541bffff,IN.MH.MU,56.54549772
89608b4553bffff,IN.MH.MU,67.33127052
89608b461b3ffff,IN.MH.MU,73.58031269
89608b46d77ffff,IN.MH.MU,55.76594679
89608b54aabffff,IN.MH.MU,58.53078954
89608b5590fffff,IN.MH.MU,55.12528808
89608b55c93ffff,IN.MH.MU,70.44445392
89608b56803ffff,IN.MH.MU,63.7786271
89608b5683bffff,IN.MH.MU,70.98418882
89608b56857ffff,IN.MH.MU,61.14912226
89608b19c0bffff,IN.MH.MU,40.7813647
89608b19ccfffff,IN.MH.MU,38.83212571
89608b19e4fffff,IN.MH.MU,57.3522961
89608b4402bffff,IN.MH.MU,64.50635838
89608b4408fffff,IN.MH.MU,68.25453282
89608b44097ffff,IN.MH.MU,70.29772011
89608b4652bffff,IN.MH.MU,74.74432795
89608b54077ffff,IN.MH.MU,65.90655463
89608b54523ffff,IN.MH.MU,57.52510926
89608b54947ffff,IN.MH.MU,74.35166362
89608b54b0bffff,IN.MH.MU,67.78851695
89608b54d67ffff,IN.MH.MU,70.06229474
89608b5685bffff,IN.MH.MU,60.981664
89608b56b4bffff,IN.MH.MU,70.81774522
89608b092bbffff,IN.MH.MU,73.88943709
89608b092dbffff,IN.MH.MU,78.30689314
89608b19c67ffff,IN.MH.MU,39.00248663
89608b4448fffff,IN.MH.MU,68.49797176
89608b45547ffff,IN.MH.MU,66.04707923
89608b4640fffff,IN.MH.MU,53.06343531
89608b4736bffff,IN.MH.MU,71.85512352
89608b55133ffff,IN.MH.MU,71.75883905
89608b551a3ffff,IN.MH.MU,68.23442669
89608b19c83ffff,IN.MH.MU,34.71537096
89608b4555bffff,IN.MH.MU,66.67864618
89608b464d3ffff,IN.MH.MU,58.47985047
89608b549cbffff,IN.MH.MU,74.6387641
89608b54ba3ffff,IN.MH.MU,71.35625732
89608b54c1bffff,IN.MH.MU,67.66764026
89608b54ed7ffff,IN.MH.MU,72.16500399
89608b55383ffff,IN.MH.MU,69.07729764
89608b5538bffff,IN.MH.MU,73.54806609
89608b56b47ffff,IN.MH.MU,71.91747966
89608b086c7ffff,IN.MH.MU,66.72249042
89608b086dbffff,IN.MH.MU,74.25050244
89608b0b373ffff,IN.MH.MU,73.35283665
89608b0b47bffff,IN.MH.MU,69.39937549
89608b19a97ffff,IN.MH.MU,58.03960756
89608b4456fffff,IN.MH.MU,62.99684698
89608b445dbffff,IN.MH.MU,73.13330726
89608b543a3ffff,IN.MH.MU,67.94795933
89608b54b47ffff,IN.MH.MU,66.80227805
89608b54b6bffff,IN.MH.MU,68.53542739
89608b569afffff,IN.MH.MU,77.70679926
89608b56b77ffff,IN.MH.MU,72.18912298
89608b09223ffff,IN.MH.MU,73.78869237
89608b442b7ffff,IN.MH.MU,58.18289517
89608b4519bffff,IN.MH.MU,54.47725765
89608b462afffff,IN.MH.MU,71.40293378
89608b4634bffff,IN.MH.MU,74.67663519
89608b46533ffff,IN.MH.MU,76.15665401
89608b5414fffff,IN.MH.MU,69.28874184
89608b54187ffff,IN.MH.MU,65.41345478
89608b5457bffff,IN.MH.MU,56.7146959
89608b54b0fffff,IN.MH.MU,70.88663637
89608b55007ffff,IN.MH.MU,63.11800777
89608b55557ffff,IN.MH.MU,43.86703761
89608b56877ffff,IN.MH.MU,70.83014012
89608b56d63ffff,IN.MH.MU,72.4285968
89608b0920fffff,IN.MH.MU,76.16304721
89608b0b613ffff,IN.MH.MU,80.07663359
89608b1987bffff,IN.MH.MU,57.18457319
89608b19c33ffff,IN.MH.MU,36.85345742
89608b44693ffff,IN.MH.MU,69.93000311
89608b4630fffff,IN.MH.MU,74.4042607
89608b4633bffff,IN.MH.MU,71.57524467
89608b46373ffff,IN.MH.MU,76.32589295
89608b46577ffff,IN.MH.MU,73.40423741
89608b46c87ffff,IN.MH.MU,64.74437616
89608b47353ffff,IN.MH.MU,56.82523925
89608b54a13ffff,IN.MH.MU,55.24090274
89608b092b3ffff,IN.MH.MU,72.5871602
89608b092d3ffff,IN.MH.MU,76.48541061
89608b09687ffff,IN.MH.MU,74.64418424
89608b193c3ffff,IN.MH.MU,50.07283518
89608b19847ffff,IN.MH.MU,52.11620158
89608b198d7ffff,IN.MH.MU,42.82348482
89608b460cfffff,IN.MH.MU,67.7739593
89608b464dbffff,IN.MH.MU,60.50991895
89608b5515bffff,IN.MH.MU,74.30487061
89608b55d97ffff,IN.MH.MU,54.80394861
89608b56563ffff,IN.MH.MU,35.63128894
89608b09253ffff,IN.MH.MU,76.29426525
89608b09273ffff,IN.MH.MU,76.40347652
89608b0b317ffff,IN.MH.MU,74.37064324
89608b0b57bffff,IN.MH.MU,67.75766124
89608b440cfffff,IN.MH.MU,64.57672305
89608b45083ffff,IN.MH.MU,61.0203596
89608b4604fffff,IN.MH.MU,70.27826432
89608b54123ffff,IN.MH.MU,67.81894602
89608b54183ffff,IN.MH.MU,63.00210184
89608b56b73ffff,IN.MH.MU,71.90227369
89608b56d87ffff,IN.MH.MU,59.04916047
89608b094b7ffff,IN.MH.MU,73.8253076
89608b0b213ffff,IN.MH.MU,61.17066056
89608b0b307ffff,IN.MH.MU,73.25296363
89608b1907bffff,IN.MH.MU,42.0554789
89608b19277ffff,IN.MH.MU,59.20221032
89608b46607ffff,IN.MH.MU,68.36285593
89608b46e73ffff,IN.MH.MU,55.09267255
89608b548c3ffff,IN.MH.MU,73.16928189
89608b54b77ffff,IN.MH.MU,72.76852999
89608b5593bffff,IN.MH.MU,56.79705647
89608b55c4fffff,IN.MH.MU,63.58250053
89608b5692bffff,IN.MH.MU,81.47825115
89608b56cb7ffff,IN.MH.MU,54.97972542
89608b09487ffff,IN.MH.MU,71.75393514
89608b0b10fffff,IN.MH.MU,75.97163211
89608b0b2abffff,IN.MH.MU,69.11998583
89608b0b2cfffff,IN.MH.MU,59.67839838
89608b0b403ffff,IN.MH.MU,59.99244739
89608b440d7ffff,IN.MH.MU,67.82960751
89608b45013ffff,IN.MH.MU,51.86383907
89608b46187ffff,IN.MH.MU,72.8546183
89608b461c3ffff,IN.MH.MU,75.91177756
89608b4695bffff,IN.MH.MU,49.41031886
89608b47347ffff,IN.MH.MU,66.72421167
89608b54007ffff,IN.MH.MU,68.29757621
89608b5687bffff,IN.MH.MU,71.06423497
89608b0b0c7ffff,IN.MH.MU,73.84207876
89608b1923bffff,IN.MH.MU,54.20050077
89608b44087ffff,IN.MH.MU,68.59544498
89608b44563ffff,IN.MH.MU,66.49637742
89608b46287ffff,IN.MH.MU,70.94359287
89608b46323ffff,IN.MH.MU,66.59194927
89608b46457ffff,IN.MH.MU,54.96653404
89608b5426fffff,IN.MH.MU,73.72019642
89608b54273ffff,IN.MH.MU,67.17384883
89608b5592bffff,IN.MH.MU,57.00970854
89608b56827ffff,IN.MH.MU,74.91212939
89608b56a17ffff,IN.MH.MU,73.43920952
89608b56e27ffff,IN.MH.MU,55.0488211
89608b0b08fffff,IN.MH.MU,70.2004837
89608b18a47ffff,IN.MH.MU,54.5527256
89608b19e83ffff,IN.MH.MU,48.31671649
89608b19eafffff,IN.MH.MU,50.45734174
89608b4662fffff,IN.MH.MU,69.1613643
89608b47317ffff,IN.MH.MU,69.79389252
89608b4756bffff,IN.MH.MU,61.41414165
89608b54237ffff,IN.MH.MU,67.80086118
89608b54bcfffff,IN.MH.MU,63.29457284
89608b54dcfffff,IN.MH.MU,73.84448918
89608b55c8bffff,IN.MH.MU,70.47278513
89608b56abbffff,IN.MH.MU,70.83278537
89608b56b2fffff,IN.MH.MU,72.94661684
89608b56cdbffff,IN.MH.MU,53.72026348
89608b56dd7ffff,IN.MH.MU,64.1415091
89608b0b083ffff,IN.MH.MU,67.38664444
89608b0b0dbffff,IN.MH.MU,71.5698145
89608b198cfffff,IN.MH.MU,47.15881671
89608b4447bffff,IN.MH.MU,67.45635599
89608b45427ffff,IN.MH.MU,69.16049601
89608b4641bffff,IN.MH.MU,52.40597396
89608b4647bffff,IN.MH.MU,58.61185419
89608b4710fffff,IN.MH.MU,65.70662784
89608b4714bffff,IN.MH.MU,68.36885292
89608b47337ffff,IN.MH.MU,75.38803107
89608b54327ffff,IN.MH.MU,59.19126154
89608b54eafffff,IN.MH.MU,68.35496376
89608b55ec7ffff,IN.MH.MU,64.64586537
89608b56c3bffff,IN.MH.MU,65.74579344
89608b56d77ffff,IN.MH.MU,71.29786489
89608b56d83ffff,IN.MH.MU,60.0750459
89608b086d3ffff,IN.MH.MU,74.11117361
89608b09293ffff,IN.MH.MU,71.75096046
89608b094cfffff,IN.MH.MU,68.83693248
89608b0b3bbffff,IN.MH.MU,78.03028068
89608b192bbffff,IN.MH.MU,53.78412318
89608b19a1bffff,IN.MH.MU,63.34735786
89608b19e33ffff,IN.MH.MU,51.90150283
89608b19e47ffff,IN.MH.MU,58.32994938
89608b44073ffff,IN.MH.MU,62.03646243
89608b4428fffff,IN.MH.MU,60.15643114
89608b46827ffff,IN.MH.MU,49.14913124
89608b47167ffff,IN.MH.MU,68.51033267
89608b54537ffff,IN.MH.MU,57.86791517
89608b54b63ffff,IN.MH.MU,73.19071553
89608b559afffff,IN.MH.MU,64.85308022
89608b56c2bffff,IN.MH.MU,67.37249624
89608b09557ffff,IN.MH.MU,67.38323709
89608b0a38bffff,IN.MH.MU,49.7953622
89608b0b027ffff,IN.MH.MU,77.74147303
89608b0b62bffff,IN.MH.MU,72.89186533
89608b1981bffff,IN.MH.MU,44.59965316
89608b44283ffff,IN.MH.MU,60.42393017
89608b44613ffff,IN.MH.MU,71.09213723
89608b446b3ffff,IN.MH.MU,67.99986025
89608b446c7ffff,IN.MH.MU,74.34722129
89608b455bbffff,IN.MH.MU,72.1694158
89608b47533ffff,IN.MH.MU,61.79756875
89608b54397ffff,IN.MH.MU,70.0502596
89608b5486fffff,IN.MH.MU,64.57388858
89608b54973ffff,IN.MH.MU,75.66390693
89608b54d3bffff,IN.MH.MU,63.38344481
89608b5506fffff,IN.MH.MU,63.31394374
89608b569d3ffff,IN.MH.MU,74.11852805
89608b56bafffff,IN.MH.MU,71.22641561
89608b09203ffff,IN.MH.MU,75.75452604
89608b09663ffff,IN.MH.MU,74.53338554
89608b19113ffff,IN.MH.MU,36.32393251
89608b1932bffff,IN.MH.MU,54.93403849
89608b19873ffff,IN.MH.MU,50.4259551
89608b463d7ffff,IN.MH.MU,70.87909078
89608b46cabffff,IN.MH.MU,62.14753034
89608b46e6fffff,IN.MH.MU,55.26908491
89608b5427bffff,IN.MH.MU,69.89438357
89608b5480fffff,IN.MH.MU,72.497744
89608b0b00bffff,IN.MH.MU,70.17420678
89608b19117ffff,IN.MH.MU,36.43599946
89608b19283ffff,IN.MH.MU,53.30078753
89608b19c4fffff,IN.MH.MU,42.36576102
89608b4402fffff,IN.MH.MU,62.08399066
89608b441b7ffff,IN.MH.MU,50.59762745
89608b442bbffff,IN.MH.MU,61.61918747
89608b46303ffff,IN.MH.MU,74.35078842
89608b464abffff,IN.MH.MU,53.90364122
89608b46d33ffff,IN.MH.MU,54.73854
89608b4715bffff,IN.MH.MU,64.74744567
89608b47183ffff,IN.MH.MU,64.68358914
89608b5483bffff,IN.MH.MU,73.63022847
89608b54eb7ffff,IN.MH.MU,69.9528771
89608b090d7ffff,IN.MH.MU,74.80500637
89608b0b0bbffff,IN.MH.MU,73.86502396
89608b19ac7ffff,IN.MH.MU,65.36684475
89608b440bbffff,IN.MH.MU,68.15150011
89608b444bbffff,IN.MH.MU,70.52497245
89608b45437ffff,IN.MH.MU,69.13142027
89608b461bbffff,IN.MH.MU,71.73728553
89608b46623ffff,IN.MH.MU,68.46382855
89608b46e6bffff,IN.MH.MU,59.17924842
89608b5406bffff,IN.MH.MU,65.45997011
89608b54c4bffff,IN.MH.MU,68.97239575
89608b5502fffff,IN.MH.MU,70.70885531
89608b55073ffff,IN.MH.MU,75.57567167
89608b5696fffff,IN.MH.MU,76.30455749
89608b19217ffff,IN.MH.MU,56.29394057
89608b444afffff,IN.MH.MU,73.49763295
89608b5494fffff,IN.MH.MU,73.34059002
89608b54d07ffff,IN.MH.MU,61.98252706
89608b55177ffff,IN.MH.MU,68.7064058
89608b56a53ffff,IN.MH.MU,63.19461921
89608b0b1c3ffff,IN.MH.MU,77.43427052
89608b0b603ffff,IN.MH.MU,79.34206811
89608b0b673ffff,IN.MH.MU,72.80488596
89608b1937bffff,IN.MH.MU,64.85406063
89608b19393ffff,IN.MH.MU,40.85943433
89608b19a6bffff,IN.MH.MU,66.80220676
89608b4443bffff,IN.MH.MU,70.59615566
89608b44503ffff,IN.MH.MU,69.98100162
89608b465bbffff,IN.MH.MU,77.23941508
89608b5434fffff,IN.MH.MU,66.72986217
89608b5489bffff,IN.MH.MU,71.08456651
89608b55c6fffff,IN.MH.MU,48.55420901
89608b55cd7ffff,IN.MH.MU,72.03144726
89608b0302bffff,IN.MH.MU,66.5562382
89608b0954fffff,IN.MH.MU,63.81826987
89608b0b313ffff,IN.MH.MU,75.79778868
89608b0b45bffff,IN.MH.MU,77.50104587
89608b1930bffff,IN.MH.MU,57.18550835
89608b4400fffff,IN.MH.MU,66.28480509
89608b4454fffff,IN.MH.MU,69.80055766
89608b4464fffff,IN.MH.MU,73.56229465
89608b468c7ffff,IN.MH.MU,45.03674503
89608b469c3ffff,IN.MH.MU,46.66409278
89608b46a33ffff,IN.MH.MU,43.21607959
89608b47177ffff,IN.MH.MU,68.87268455
89608b4735bffff,IN.MH.MU,54.28092542
89608b54063ffff,IN.MH.MU,64.38828479
89608b54903ffff,IN.MH.MU,73.25230841
89608b5502bffff,IN.MH.MU,66.9745693
89608b55567ffff,IN.MH.MU,56.33490036
89608b569b7ffff,IN.MH.MU,70.65504216
89608b56b3bffff,IN.MH.MU,71.46409329
89608b09647ffff,IN.MH.MU,74.83795927
89608b0b56bffff,IN.MH.MU,73.85421683
89608b0b643ffff,IN.MH.MU,75.5397625
89608b4420fffff,IN.MH.MU,54.56914919
89608b443dbffff,IN.MH.MU,55.93138007
89608b45423ffff,IN.MH.MU,69.11744388
89608b455afffff,IN.MH.MU,68.93811596
89608b46353ffff,IN.MH.MU,76.78009642
89608b46d4fffff,IN.MH.MU,54.42560848
89608b54a3bffff,IN.MH.MU,55.43331373
89608b54d47ffff,IN.MH.MU,73.55629446
89608b55ccbffff,IN.MH.MU,68.87183105
89608b5684bffff,IN.MH.MU,64.90032563
89608b5699bffff,IN.MH.MU,73.65430513
89608b0b087ffff,IN.MH.MU,68.55640538
89608b46153ffff,IN.MH.MU,74.14592248
89608b461dbffff,IN.MH.MU,76.14869143
89608b464afffff,IN.MH.MU,58.38806688
89608b4650fffff,IN.MH.MU,73.13189683
89608b465b3ffff,IN.MH.MU,78.62205332
89608b46877ffff,IN.MH.MU,48.5251943
89608b4688bffff,IN.MH.MU,47.9320828
89608b4751bffff,IN.MH.MU,48.40219045
89608b54333ffff,IN.MH.MU,61.79305182
89608b0b60bffff,IN.MH.MU,78.36441614
89608b0b63bffff,IN.MH.MU,73.92416646
89608b4445bffff,IN.MH.MU,73.31108283
89608b44473ffff,IN.MH.MU,68.53405318
89608b45447ffff,IN.MH.MU,55.34972951
89608b4548bffff,IN.MH.MU,53.78133857
89608b4548fffff,IN.MH.MU,60.2959321
89608b454cfffff,IN.MH.MU,49.83076235
89608b463b7ffff,IN.MH.MU,67.72012875
89608b46a4fffff,IN.MH.MU,51.30313207
89608b471cfffff,IN.MH.MU,65.70051531
89608b5452bffff,IN.MH.MU,58.33866494
89608b55573ffff,IN.MH.MU,50.73861892
89608b568dbffff,IN.MH.MU,53.77715243
89608b569c7ffff,IN.MH.MU,75.98555431
89608b56c8bffff,IN.MH.MU,69.04879551
89608b0922fffff,IN.MH.MU,72.0874361
89608b09543ffff,IN.MH.MU,66.81423466
89608b460a3ffff,IN.MH.MU,72.92642686
89608b464b3ffff,IN.MH.MU,57.97820414
89608b4663bffff,IN.MH.MU,67.77409513
89608b47393ffff,IN.MH.MU,60.21961426
89608b5414bffff,IN.MH.MU,71.41960921
89608b5482bffff,IN.MH.MU,70.38596541
89608b54927ffff,IN.MH.MU,70.3167161
89608b54977ffff,IN.MH.MU,73.53576408
89608b54987ffff,IN.MH.MU,69.59648395
89608b54ea3ffff,IN.MH.MU,70.07256656
89608b0958bffff,IN.MH.MU,62.58967466
89608b0960fffff,IN.MH.MU,74.25982896
89608b19e7bffff,IN.MH.MU,59.46956405
89608b4451bffff,IN.MH.MU,70.85706002
89608b4602bffff,IN.MH.MU,71.61830049
89608b4719bffff,IN.MH.MU,61.38043639
89608b54003ffff,IN.MH.MU,63.16735834
89608b54a93ffff,IN.MH.MU,62.56273862
89608b56c43ffff,IN.MH.MU,54.60817188
89608b03063ffff,IN.MH.MU,70.86313401
89608b0b3b3ffff,IN.MH.MU,81.312345
89608b0b3cbffff,IN.MH.MU,74.03918323
89608b446c3ffff,IN.MH.MU,73.27900861
89608b450a7ffff,IN.MH.MU,59.55738792
89608b46503ffff,IN.MH.MU,73.61689534
89608b4714fffff,IN.MH.MU,68.29190839
89608b471b3ffff,IN.MH.MU,71.92074389
89608b5402bffff,IN.MH.MU,69.73118374
89608b54107ffff,IN.MH.MU,70.48971974
89608b54173ffff,IN.MH.MU,68.8624594
89608b54913ffff,IN.MH.MU,72.10411281
89608b54b33ffff,IN.MH.MU,73.73249043
89608b5503bffff,IN.MH.MU,65.22583888
89608b56a33ffff,IN.MH.MU,75.95867214
89608b56aa3ffff,IN.MH.MU,72.80878587
89608b56ba3ffff,IN.MH.MU,69.80887797
89608b56d13ffff,IN.MH.MU,69.01848499
89608b0928fffff,IN.MH.MU,73.63945942
89608b09497ffff,IN.MH.MU,69.87610341
89608b0b047ffff,IN.MH.MU,69.72333827
89608b446a7ffff,IN.MH.MU,65.47083288
89608b46abbffff,IN.MH.MU,46.96250655
89608b46c93ffff,IN.MH.MU,71.55338725
89608b47033ffff,IN.MH.MU,58.62178735
89608b55023ffff,IN.MH.MU,68.22181248
89608b56acfffff,IN.MH.MU,65.49679181
89608b0900bffff,IN.MH.MU,68.93379603
89608b095cfffff,IN.MH.MU,64.84009151
89608b44c47ffff,IN.MH.MU,44.04515686
89608b54067ffff,IN.MH.MU,66.09675713
89608b542cfffff,IN.MH.MU,57.51535313
89608b54ebbffff,IN.MH.MU,67.90339814
89608b012dbffff,IN.MH.MU,62.17485784
89608b0b077ffff,IN.MH.MU,73.67854275
89608b19e2fffff,IN.MH.MU,55.81368172
89608b19e8bffff,IN.MH.MU,46.82247976
89608b44077ffff,IN.MH.MU,64.00884588
89608b44233ffff,IN.MH.MU,63.50788479
89608b44eb7ffff,IN.MH.MU,43.29875102
89608b450afffff,IN.MH.MU,56.55382997
89608b450bbffff,IN.MH.MU,61.66949065
89608b4558bffff,IN.MH.MU,74.88593366
89608b4610fffff,IN.MH.MU,69.99840296
89608b46407ffff,IN.MH.MU,53.16504027
89608b46463ffff,IN.MH.MU,57.23758329
89608b46517ffff,IN.MH.MU,75.90032881
89608b4654fffff,IN.MH.MU,69.8611137
89608b4668fffff,IN.MH.MU,68.57065992
89608b46a97ffff,IN.MH.MU,47.56239445
89608b542b7ffff,IN.MH.MU,63.12630427
89608b553a3ffff,IN.MH.MU,70.55306547
89608b56b93ffff,IN.MH.MU,73.88246005
89608b0861bffff,IN.MH.MU,60.60024419
89608b0b46bffff,IN.MH.MU,69.83859298
89608b1962fffff,IN.MH.MU,43.81323117
89608b44413ffff,IN.MH.MU,67.18764644
89608b4554bffff,IN.MH.MU,65.36463718
89608b540c3ffff,IN.MH.MU,43.92848227
89608b54c33ffff,IN.MH.MU,72.76866767
89608b54c6fffff,IN.MH.MU,71.95898351
89608b54cbbffff,IN.MH.MU,71.01115681
89608b54d8fffff,IN.MH.MU,68.32896119
89608b55e97ffff,IN.MH.MU,65.3770789
89608b56a83ffff,IN.MH.MU,64.63175999
89608b0b03bffff,IN.MH.MU,75.29129038
89608b0b657ffff,IN.MH.MU,79.48298938
89608b46013ffff,IN.MH.MU,69.59546454
89608b54357ffff,IN.MH.MU,65.28965976
89608b54b03ffff,IN.MH.MU,69.64942068
89608b55e8fffff,IN.MH.MU,62.38976379
89608b56ba7ffff,IN.MH.MU,72.04329492
89608b0b117ffff,IN.MH.MU,77.43288095
89608b0b14bffff,IN.MH.MU,80.15013146
89608b0b16bffff,IN.MH.MU,77.89881201
89608b0b31bffff,IN.MH.MU,76.70519193
89608b0b3a3ffff,IN.MH.MU,78.81252328
89608b19147ffff,IN.MH.MU,39.81351066
89608b19267ffff,IN.MH.MU,62.96563662
89608b1989bffff,IN.MH.MU,38.99495789
89608b44493ffff,IN.MH.MU,70.56813659
89608b44617ffff,IN.MH.MU,68.33564466
89608b44673ffff,IN.MH.MU,70.49450637
89608b4540fffff,IN.MH.MU,63.2573256
89608b45597ffff,IN.MH.MU,75.86399428
89608b4620fffff,IN.MH.MU,68.59007902
89608b46d53ffff,IN.MH.MU,59.57755284
89608b47187ffff,IN.MH.MU,67.79474907
89608b473a3ffff,IN.MH.MU,70.08637466
89608b54cdbffff,IN.MH.MU,68.00171651
89608b54ddbffff,IN.MH.MU,75.63847863
89608b55003ffff,IN.MH.MU,58.19310988
89608b56a4fffff,IN.MH.MU,71.0261608
89608b08653ffff,IN.MH.MU,63.81678795
89608b0b163ffff,IN.MH.MU,76.49428797
89608b19853ffff,IN.MH.MU,50.2591578
89608b4653bffff,IN.MH.MU,74.8316969
89608b47503ffff,IN.MH.MU,53.17499662
89608b54b37ffff,IN.MH.MU,72.00101528
89608b5697bffff,IN.MH.MU,73.16605409
89608b0845bffff,IN.MH.MU,61.94584403
89608b09057ffff,IN.MH.MU,70.49566332
89608b09217ffff,IN.MH.MU,74.28387018
89608b0b05bffff,IN.MH.MU,70.86083915
89608b1985bffff,IN.MH.MU,53.68874827
89608b19c4bffff,IN.MH.MU,42.44361473
89608b451d7ffff,IN.MH.MU,52.06698498
89608b4669bffff,IN.MH.MU,61.02416255
89608b46d63ffff,IN.MH.MU,53.62979164
89608b47303ffff,IN.MH.MU,70.09548332
89608b473c7ffff,IN.MH.MU,62.06325016
89608b54babffff,IN.MH.MU,71.9548922
89608b54c63ffff,IN.MH.MU,72.2419515
89608b54d77ffff,IN.MH.MU,68.54450883
89608b56c6bffff,IN.MH.MU,61.29074464
89608b56ca7ffff,IN.MH.MU,64.83130094
89608b03393ffff,IN.MH.MU,64.60709921
89608b09263ffff,IN.MH.MU,75.18168271
89608b096afffff,IN.MH.MU,73.24574097
89608b0b253ffff,IN.MH.MU,63.37467904
89608b0b2bbffff,IN.MH.MU,68.43565711
89608b0b6c3ffff,IN.MH.MU,78.34800278
89608b19e9bffff,IN.MH.MU,45.25569414
89608b44603ffff,IN.MH.MU,69.69561112
89608b46083ffff,IN.MH.MU,66.97520001
89608b465a7ffff,IN.MH.MU,77.64834436
89608b465b7ffff,IN.MH.MU,77.84673459
89608b468b3ffff,IN.MH.MU,51.52382006
89608b54887ffff,IN.MH.MU,73.78959245
89608b56933ffff,IN.MH.MU,78.01640588
89608b569d7ffff,IN.MH.MU,75.37958094
89608b56a27ffff,IN.MH.MU,76.24280631
89608b090c3ffff,IN.MH.MU,76.16401415
89608b1922fffff,IN.MH.MU,60.22393235
89608b198c7ffff,IN.MH.MU,43.58887622
89608b4469bffff,IN.MH.MU,70.00272408
89608b4508bffff,IN.MH.MU,55.51178706
89608b450d3ffff,IN.MH.MU,61.75579184
89608b5420bffff,IN.MH.MU,62.58836622
89608b5450fffff,IN.MH.MU,53.16147685
89608b54813ffff,IN.MH.MU,72.64917951
89608b548b3ffff,IN.MH.MU,77.2041372
89608b54b27ffff,IN.MH.MU,72.01082238
89608b54ca7ffff,IN.MH.MU,74.54906503
89608b56a0bffff,IN.MH.MU,71.10228942
89608b56dc7ffff,IN.MH.MU,66.14638151
89608b09207ffff,IN.MH.MU,74.90329651
89608b09463ffff,IN.MH.MU,74.1010775
89608b0b46fffff,IN.MH.MU,68.9252515
89608b19a4bffff,IN.MH.MU,70.85654735
89608b44067ffff,IN.MH.MU,60.15079334
89608b4646bffff,IN.MH.MU,60.5188768
89608b54163ffff,IN.MH.MU,72.38684565
89608b54303ffff,IN.MH.MU,64.29296057
89608b549c3ffff,IN.MH.MU,75.95066911
89608b54e8fffff,IN.MH.MU,69.06601957
89608b55cb7ffff,IN.MH.MU,61.64370533
89608b56a8bffff,IN.MH.MU,65.63640254
89608b56b13ffff,IN.MH.MU,75.20549842
89608b56d33ffff,IN.MH.MU,65.7182704
89608b1936fffff,IN.MH.MU,62.70560009
89608b442abffff,IN.MH.MU,64.98046794
89608b450a3ffff,IN.MH.MU,64.55016393
89608b45567ffff,IN.MH.MU,61.09385944
89608b46267ffff,IN.MH.MU,68.51924773
89608b464cfffff,IN.MH.MU,54.52346347
89608b54c77ffff,IN.MH.MU,70.22821904
89608b55317ffff,IN.MH.MU,66.81660123
89608b558d7ffff,IN.MH.MU,43.58262605
89608b56823ffff,IN.MH.MU,74.71880618
89608b09083ffff,IN.MH.MU,69.6098059
89608b0b14fffff,IN.MH.MU,82.61728832
89608b0b2a3ffff,IN.MH.MU,71.13890532
89608b19a9bffff,IN.MH.MU,65.75124298
89608b4428bffff,IN.MH.MU,61.59229045
89608b45537ffff,IN.MH.MU,64.59090463
89608b45583ffff,IN.MH.MU,76.27729034
89608b463a7ffff,IN.MH.MU,64.99477912
89608b4648bffff,IN.MH.MU,52.0524022
89608b47307ffff,IN.MH.MU,72.9248272
89608b47383ffff,IN.MH.MU,64.88021665
89608b548dbffff,IN.MH.MU,70.96527252
89608b56a4bffff,IN.MH.MU,66.26142981
89608b56b27ffff,IN.MH.MU,74.9007934
89608b0b607ffff,IN.MH.MU,75.67095975
89608b1922bffff,IN.MH.MU,59.40947251
89608b45523ffff,IN.MH.MU,62.45424099
89608b4559bffff,IN.MH.MU,75.7917268
89608b455d7ffff,IN.MH.MU,74.39324194
89608b4624fffff,IN.MH.MU,68.95878106
89608b469cfffff,IN.MH.MU,46.08934227
89608b46ddbffff,IN.MH.MU,64.14593519
89608b5420fffff,IN.MH.MU,65.57304734
89608b54563ffff,IN.MH.MU,58.76707693
89608b54aafffff,IN.MH.MU,61.31616873
89608b56a03ffff,IN.MH.MU,72.76187322
89608b56ac7ffff,IN.MH.MU,65.70614768
89608b0b0d7ffff,IN.MH.MU,71.29447633
89608b0b387ffff,IN.MH.MU,78.97313282
89608b19157ffff,IN.MH.MU,38.87387714
89608b46047ffff,IN.MH.MU,70.37709563
89608b54827ffff,IN.MH.MU,74.11592099
89608b548b7ffff,IN.MH.MU,78.35368766
89608b55037ffff,IN.MH.MU,68.18919419
89608b551d3ffff,IN.MH.MU,57.53029538
89608b55923ffff,IN.MH.MU,57.99912428
89608b5680bffff,IN.MH.MU,64.61502246
89608b56a93ffff,IN.MH.MU,59.68988796
89608b56b2bffff,IN.MH.MU,72.76602288
89608b56bdbffff,IN.MH.MU,78.17260491
89608b56d23ffff,IN.MH.MU,68.00848645
89608b0b1b7ffff,IN.MH.MU,66.18577148
89608b44697ffff,IN.MH.MU,71.22481296
89608b46417ffff,IN.MH.MU,52.59186721
89608b46aa7ffff,IN.MH.MU,49.91647342
89608b47397ffff,IN.MH.MU,65.51519689
89608b5410fffff,IN.MH.MU,68.09049293
89608b54c73ffff,IN.MH.MU,69.62589296
89608b54d03ffff,IN.MH.MU,66.21743387
89608b56b5bffff,IN.MH.MU,72.69326049
89608b56c2fffff,IN.MH.MU,69.25109566
89608b56c47ffff,IN.MH.MU,60.71633672
89608b0848bffff,IN.MH.MU,52.83965974
89608b0b1cfffff,IN.MH.MU,77.86217061
89608b0b24bffff,IN.MH.MU,66.0545161
89608b19c63ffff,IN.MH.MU,41.55525998
89608b441cbffff,IN.MH.MU,59.05700506
89608b44433ffff,IN.MH.MU,70.83870815
89608b4449bffff,IN.MH.MU,67.78733948
89608b46133ffff,IN.MH.MU,66.53593659
89608b46dabffff,IN.MH.MU,55.26980166
89608b4734fffff,IN.MH.MU,65.09139316
89608b54a8fffff,IN.MH.MU,56.83444192
89608b54d43ffff,IN.MH.MU,74.12496133
89608b5510fffff,IN.MH.MU,69.07375814
89608b55143ffff,IN.MH.MU,73.8011141
89608b5552bffff,IN.MH.MU,58.9730636
89608b090d3ffff,IN.MH.MU,76.38139866
89608b5406fffff,IN.MH.MU,66.08215802
89608b54803ffff,IN.MH.MU,73.92034555
89608b54d4bffff,IN.MH.MU,74.72171306
89608b54dd3ffff,IN.MH.MU,74.13734288
89608b55c8fffff,IN.MH.MU,68.89534901
89608b09673ffff,IN.MH.MU,74.61267679
89608b192c7ffff,IN.MH.MU,53.46576059
89608b4408bffff,IN.MH.MU,67.62982713
89608b440a7ffff,IN.MH.MU,65.48247883
89608b441c3ffff,IN.MH.MU,57.62999514
89608b44437ffff,IN.MH.MU,72.71636679
89608b4631bffff,IN.MH.MU,75.43372133
89608b46563ffff,IN.MH.MU,73.18580019
89608b471bbffff,IN.MH.MU,68.05320945
89608b54857ffff,IN.MH.MU,71.29674558
89608b54a23ffff,IN.MH.MU,57.82227236
89608b5511bffff,IN.MH.MU,67.01387477
89608b56adbffff,IN.MH.MU,58.04569538
89608b56d2bffff,IN.MH.MU,70.72468251
89608b092abffff,IN.MH.MU,75.50034216
89608b0960bffff,IN.MH.MU,75.28343665
89608b0b2afffff,IN.MH.MU,71.25221438
89608b4440fffff,IN.MH.MU,68.952144
89608b44423ffff,IN.MH.MU,70.98608721
89608b445a7ffff,IN.MH.MU,61.03319794
89608b46073ffff,IN.MH.MU,69.84652599
89608b4646fffff,IN.MH.MU,61.02808609
89608b4718bffff,IN.MH.MU,64.24748406
89608b54257ffff,IN.MH.MU,59.77392657
89608b54963ffff,IN.MH.MU,73.22285244
89608b568c7ffff,IN.MH.MU,61.72042999
89608b56a6bffff,IN.MH.MU,71.60819113
89608b090cfffff,IN.MH.MU,72.21909845
89608b0b30bffff,IN.MH.MU,74.00644249
89608b193c7ffff,IN.MH.MU,51.31160081
89608b440c3ffff,IN.MH.MU,66.90417944
89608b445c3ffff,IN.MH.MU,71.44555377
89608b4508fffff,IN.MH.MU,57.62935296
89608b54033ffff,IN.MH.MU,70.10824402
89608b54117ffff,IN.MH.MU,67.2445594
89608b5424bffff,IN.MH.MU,62.32058525
89608b54a43ffff,IN.MH.MU,55.19530729
89608b5690bffff,IN.MH.MU,74.75580706
89608b56bd7ffff,IN.MH.MU,75.50433024
89608b19813ffff,IN.MH.MU,39.8305615
89608b4468fffff,IN.MH.MU,69.58898102
89608b46163ffff,IN.MH.MU,64.47373619
89608b4638bffff,IN.MH.MU,70.39109619
89608b54b8fffff,IN.MH.MU,69.04037052
89608b54cc7ffff,IN.MH.MU,67.32343541
89608b55193ffff,IN.MH.MU,58.26453113
89608b55da3ffff,IN.MH.MU,53.622811
89608b56bb3ffff,IN.MH.MU,70.32884322
89608b56e0fffff,IN.MH.MU,46.09552385
89608b45573ffff,IN.MH.MU,65.37073408
89608b4651bffff,IN.MH.MU,72.13777094
89608b46683ffff,IN.MH.MU,63.73790412
89608b46e67ffff,IN.MH.MU,53.83459235
89608b5408fffff,IN.MH.MU,58.35014229
89608b54103ffff,IN.MH.MU,67.32561149
89608b54847ffff,IN.MH.MU,67.45589952
89608b54ac7ffff,IN.MH.MU,55.47751649
89608b54c13ffff,IN.MH.MU,67.69889197
89608b54e27ffff,IN.MH.MU,71.8938106
89608b56c6fffff,IN.MH.MU,65.47609427
89608b096a3ffff,IN.MH.MU,74.07134238
89608b0b133ffff,IN.MH.MU,75.0338958
89608b0b157ffff,IN.MH.MU,79.2741252
89608b45017ffff,IN.MH.MU,54.96835331
89608b455cfffff,IN.MH.MU,70.09270664
89608b4752bffff,IN.MH.MU,63.50254627
89608b5430bffff,IN.MH.MU,62.32627241
89608b54c07ffff,IN.MH.MU,70.66298008
89608b56d73ffff,IN.MH.MU,70.61127782
89608b56d97ffff,IN.MH.MU,56.65948251
89608b56ea7ffff,IN.MH.MU,55.05411896
89608b0925bffff,IN.MH.MU,74.90669919
89608b46a47ffff,IN.MH.MU,49.99930113
89608b46d3bffff,IN.MH.MU,56.97449521
89608b541a7ffff,IN.MH.MU,70.27755204
89608b54267ffff,IN.MH.MU,71.67935686
89608b551cfffff,IN.MH.MU,66.83667431
89608b55917ffff,IN.MH.MU,57.05826196
89608b56977ffff,IN.MH.MU,77.59251036
89608b094dbffff,IN.MH.MU,67.83084075
89608b4418fffff,IN.MH.MU,56.33689421
89608b44297ffff,IN.MH.MU,59.85822296
89608b45503ffff,IN.MH.MU,70.71896859
89608b464a3ffff,IN.MH.MU,57.69634773
89608b4658fffff,IN.MH.MU,77.69649528
89608b5421bffff,IN.MH.MU,58.31356965
89608b54867ffff,IN.MH.MU,67.3395954
89608b5493bffff,IN.MH.MU,74.67904182
89608b55c0fffff,IN.MH.MU,57.24749095
89608b0b177ffff,IN.MH.MU,74.81420185
89608b0b183ffff,IN.MH.MU,74.99202334
89608b19e73ffff,IN.MH.MU,57.94085595
89608b440c7ffff,IN.MH.MU,66.16463151
89608b45007ffff,IN.MH.MU,50.68590862
89608b46157ffff,IN.MH.MU,75.5713264
89608b46197ffff,IN.MH.MU,72.33403261
89608b46643ffff,IN.MH.MU,54.9623862
89608b4682fffff,IN.MH.MU,51.14992531
89608b47133ffff,IN.MH.MU,67.82008868
89608b4732bffff,IN.MH.MU,75.46256737
89608b475abffff,IN.MH.MU,55.59311362
89608b5484fffff,IN.MH.MU,64.34153487
89608b5686bffff,IN.MH.MU,74.33632489
89608b56b07ffff,IN.MH.MU,71.6074573
89608b56b87ffff,IN.MH.MU,71.39557866
89608b03017ffff,IN.MH.MU,64.67155038
89608b092c7ffff,IN.MH.MU,76.51489044
89608b0b64fffff,IN.MH.MU,69.80176411
89608b440dbffff,IN.MH.MU,65.25945188
89608b444a3ffff,IN.MH.MU,73.34608524
89608b446bbffff,IN.MH.MU,67.94115062
89608b45557ffff,IN.MH.MU,68.97084268
89608b4602fffff,IN.MH.MU,72.25607864
89608b46057ffff,IN.MH.MU,69.02968071
89608b46077ffff,IN.MH.MU,70.6255717
89608b4731bffff,IN.MH.MU,65.9187557
89608b5433bffff,IN.MH.MU,58.47691899
89608b54d7bffff,IN.MH.MU,74.58497887
89608b54e63ffff,IN.MH.MU,59.09492195
89608b54e6fffff,IN.MH.MU,59.12038194
89608b5519bffff,IN.MH.MU,56.50063389
89608b55da7ffff,IN.MH.MU,56.62653149
89608b5681bffff,IN.MH.MU,61.56883992
89608b56dc3ffff,IN.MH.MU,66.396323
89608b0b323ffff,IN.MH.MU,69.72051857
89608b0b677ffff,IN.MH.MU,71.91671302
89608b0b6cbffff,IN.MH.MU,76.55762362
89608b4406fffff,IN.MH.MU,55.26683593
89608b4448bffff,IN.MH.MU,66.85479825
89608b4454bffff,IN.MH.MU,71.6890562
89608b44623ffff,IN.MH.MU,62.16953868
89608b4463bffff,IN.MH.MU,65.98730802
89608b4557bffff,IN.MH.MU,64.46304449
89608b45833ffff,IN.MH.MU,36.08316181
89608b46397ffff,IN.MH.MU,69.98495735
89608b47037ffff,IN.MH.MU,63.04249828
89608b54e93ffff,IN.MH.MU,71.16987168
89608b55907ffff,IN.MH.MU,57.53974592
89608b55c77ffff,IN.MH.MU,52.15975794
89608b0936bffff,IN.MH.MU,62.88028639
89608b09413ffff,IN.MH.MU,70.91226201
89608b096cfffff,IN.MH.MU,75.09171615
89608b19a13ffff,IN.MH.MU,61.93553403
89608b44033ffff,IN.MH.MU,66.7780938
89608b4682bffff,IN.MH.MU,50.59363452
89608b543dbffff,IN.MH.MU,68.34694355
89608b54ad7ffff,IN.MH.MU,56.41660654
89608b55147ffff,IN.MH.MU,73.27368586
89608b56d8fffff,IN.MH.MU,63.36067289
89608b0967bffff,IN.MH.MU,76.55335829
89608b0b16fffff,IN.MH.MU,73.15547423
89608b0b477ffff,IN.MH.MU,65.97273137
89608b1936bffff,IN.MH.MU,62.37433492
89608b451d3ffff,IN.MH.MU,55.64293174
89608b4551bffff,IN.MH.MU,71.34835231
89608b461a3ffff,IN.MH.MU,71.62389058
89608b46383ffff,IN.MH.MU,69.23040528
89608b46597ffff,IN.MH.MU,75.81703777
89608b46b87ffff,IN.MH.MU,47.02738652
89608b46b93ffff,IN.MH.MU,53.71055901
89608b46d73ffff,IN.MH.MU,56.10774416
89608b47127ffff,IN.MH.MU,73.03077581
89608b54157ffff,IN.MH.MU,68.91247079
89608b549b3ffff,IN.MH.MU,67.09224208
89608b549d7ffff,IN.MH.MU,73.27151568
89608b54a17ffff,IN.MH.MU,56.24836148
89608b5512bffff,IN.MH.MU,67.85697325
89608b551d7ffff,IN.MH.MU,59.18387338
89608b55d93ffff,IN.MH.MU,54.29563528
89608b0900fffff,IN.MH.MU,64.68480059
89608b0b4c3ffff,IN.MH.MU,69.89488351
89608b19103ffff,IN.MH.MU,37.29202089
89608b19877ffff,IN.MH.MU,46.99349425
89608b4442fffff,IN.MH.MU,71.27684267
89608b44657ffff,IN.MH.MU,73.77976698
89608b4657bffff,IN.MH.MU,71.57756519
89608b466a7ffff,IN.MH.MU,63.37184214
89608b46d43ffff,IN.MH.MU,57.04063502
89608b5400bffff,IN.MH.MU,59.89034026
89608b54277ffff,IN.MH.MU,69.73444244
89608b54d4fffff,IN.MH.MU,76.30362137
89608b55c7bffff,IN.MH.MU,57.42392439
89608b5690fffff,IN.MH.MU,76.34082169
89608b56bb7ffff,IN.MH.MU,71.11354808
89608b56bbbffff,IN.MH.MU,70.63781937
89608b56d4fffff,IN.MH.MU,71.55317037
89608b56dbbffff,IN.MH.MU,61.07286835
89608b093cbffff,IN.MH.MU,69.38095627
89608b19e0fffff,IN.MH.MU,54.86595832
89608b4667bffff,IN.MH.MU,58.19292728
89608b46a83ffff,IN.MH.MU,48.70817782
89608b475afffff,IN.MH.MU,58.1886077
89608b54b23ffff,IN.MH.MU,73.4591249
89608b54b4fffff,IN.MH.MU,63.25642147
89608b553afffff,IN.MH.MU,67.84166931
89608b55987ffff,IN.MH.MU,58.47979367
89608b56837ffff,IN.MH.MU,75.32576416
89608b56ccfffff,IN.MH.MU,59.97488769
89608b56dcbffff,IN.MH.MU,67.72538852
89608b094d3ffff,IN.MH.MU,68.02746882
89608b0b0a3ffff,IN.MH.MU,72.71692516
89608b0b18bffff,IN.MH.MU,79.16639763
89608b0b25bffff,IN.MH.MU,64.95644053
89608b0b303ffff,IN.MH.MU,74.15553436
89608b4440bffff,IN.MH.MU,68.54964061
89608b44667ffff,IN.MH.MU,67.14224767
89608b454bbffff,IN.MH.MU,62.56143288
89608b4618bffff,IN.MH.MU,75.37572898
89608b541d7ffff,IN.MH.MU,66.8533698
89608b543c7ffff,IN.MH.MU,65.44600083
89608b54ba7ffff,IN.MH.MU,71.28244431
89608b55993ffff,IN.MH.MU,52.37730404
89608b56b23ffff,IN.MH.MU,72.75827111
89608b4429bffff,IN.MH.MU,63.93456873
89608b4457bffff,IN.MH.MU,69.48400372
89608b455abffff,IN.MH.MU,70.28059838
89608b461a7ffff,IN.MH.MU,70.38261833
89608b461cfffff,IN.MH.MU,76.37172816
89608b4627bffff,IN.MH.MU,70.17699834
89608b475bbffff,IN.MH.MU,51.62384714
89608b54017ffff,IN.MH.MU,63.44112832
89608b5428fffff,IN.MH.MU,54.58594016
89608b54bc7ffff,IN.MH.MU,64.74625882
89608b086d7ffff,IN.MH.MU,69.9484923
89608b096b7ffff,IN.MH.MU,73.09623736
89608b0b2d7ffff,IN.MH.MU,61.07918271
89608b45413ffff,IN.MH.MU,57.92842401
89608b46223ffff,IN.MH.MU,75.3339162
89608b462bbffff,IN.MH.MU,71.08642159
89608b470bbffff,IN.MH.MU,50.49462872
89608b54337ffff,IN.MH.MU,61.99794455
89608b54bc3ffff,IN.MH.MU,62.74913193
89608b0b3d3ffff,IN.MH.MU,75.23052722
89608b19e03ffff,IN.MH.MU,52.06982558
89608b42d97ffff,IN.MH.MU,63.45722534
89608b444a7ffff,IN.MH.MU,74.47478948
89608b46437ffff,IN.MH.MU,60.49085496
89608b46547ffff,IN.MH.MU,69.9261994
89608b46613ffff,IN.MH.MU,68.62775523
89608b46e2fffff,IN.MH.MU,47.84403129
89608b54133ffff,IN.MH.MU,68.34382284
89608b54923ffff,IN.MH.MU,71.45542357
89608b55ccfffff,IN.MH.MU,68.17134689
89608b55ed7ffff,IN.MH.MU,65.50305493
89608b56c17ffff,IN.MH.MU,70.32825853
89608b092cfffff,IN.MH.MU,77.83520769
89608b0b367ffff,IN.MH.MU,72.57645867
89608b1925bffff,IN.MH.MU,43.83229084
89608b446d7ffff,IN.MH.MU,71.77924179
89608b460a7ffff,IN.MH.MU,74.43291061
89608b466a3ffff,IN.MH.MU,64.72314996
89608b54207ffff,IN.MH.MU,64.15733419
89608b54b07ffff,IN.MH.MU,72.03656967
89608b5553bffff,IN.MH.MU,53.42879913
89608b56c1bffff,IN.MH.MU,65.82258718
89608b56ca3ffff,IN.MH.MU,66.2629146
89608b0b37bffff,IN.MH.MU,73.75097127
89608b0b65bffff,IN.MH.MU,74.55774423
89608b45543ffff,IN.MH.MU,66.3128493
89608b455a3ffff,IN.MH.MU,70.35333845
89608b4642bffff,IN.MH.MU,59.12655148
89608b46e77ffff,IN.MH.MU,52.43461737
89608b5403bffff,IN.MH.MU,69.15670636
89608b54233ffff,IN.MH.MU,66.69369637
89608b54c57ffff,IN.MH.MU,69.87739205
89608b56a97ffff,IN.MH.MU,62.15227041
89608b56d8bffff,IN.MH.MU,64.20190707
89608b44237ffff,IN.MH.MU,56.99395486
89608b4444fffff,IN.MH.MU,68.14541389
89608b444cbffff,IN.MH.MU,73.24116723
89608b444cfffff,IN.MH.MU,71.29878698
89608b5424fffff,IN.MH.MU,66.01138343
89608b55db7ffff,IN.MH.MU,56.60331532
89608b56ab3ffff,IN.MH.MU,68.78455386
89608b092d7ffff,IN.MH.MU,76.56217165
89608b0b007ffff,IN.MH.MU,72.94262771
89608b0b09bffff,IN.MH.MU,68.99526639
89608b0b1d7ffff,IN.MH.MU,77.99415531
89608b46863ffff,IN.MH.MU,49.04840474
89608b4689bffff,IN.MH.MU,50.37054871
89608b471c7ffff,IN.MH.MU,65.38231655
89608b54a8bffff,IN.MH.MU,56.77834503
89608b551c7ffff,IN.MH.MU,62.63702311
89608b55393ffff,IN.MH.MU,68.74701929
89608b56997ffff,IN.MH.MU,72.5410461
89608b56b33ffff,IN.MH.MU,71.67629593
89608b56b6bffff,IN.MH.MU,73.34913515
89608b092afffff,IN.MH.MU,76.29908008
89608b0b4dbffff,IN.MH.MU,74.65675746
89608b44427ffff,IN.MH.MU,70.4493578
89608b4558fffff,IN.MH.MU,74.74973067
89608b460d3ffff,IN.MH.MU,63.0492204
89608b46473ffff,IN.MH.MU,55.65496617
89608b46ca3ffff,IN.MH.MU,66.6223094
89608b46e63ffff,IN.MH.MU,57.14756015
89608b47197ffff,IN.MH.MU,64.75710334
89608b543c3ffff,IN.MH.MU,65.44111283
89608b5456fffff,IN.MH.MU,62.80193424
89608b5490bffff,IN.MH.MU,74.55132279
89608b54c67ffff,IN.MH.MU,71.00463085
89608b569a7ffff,IN.MH.MU,73.16220228
89608b56c37ffff,IN.MH.MU,67.24959358
89608b56c9bffff,IN.MH.MU,66.58445608
89608b095c7ffff,IN.MH.MU,63.19774434
89608b09ac3ffff,IN.MH.MU,42.82443983
89608b19a57ffff,IN.MH.MU,65.59183186
89608b440cbffff,IN.MH.MU,63.98201007
89608b4446fffff,IN.MH.MU,68.76813807
89608b462cfffff,IN.MH.MU,64.15160667
89608b47097ffff,IN.MH.MU,44.26391844
89608b543a7ffff,IN.MH.MU,69.68295009
89608b54817ffff,IN.MH.MU,74.1159906
89608b55c53ffff,IN.MH.MU,67.17361441
89608b56817ffff,IN.MH.MU,65.94418339
89608b56b57ffff,IN.MH.MU,74.67372327
89608b56d27ffff,IN.MH.MU,68.23665176
89608b094a3ffff,IN.MH.MU,72.17026878
89608b1928bffff,IN.MH.MU,55.8338892
89608b5487bffff,IN.MH.MU,65.13349655
89608b54ab3ffff,IN.MH.MU,61.27736915
89608b55c57ffff,IN.MH.MU,64.84771503
89608b55e5bffff,IN.MH.MU,52.12239849
89608b55ed3ffff,IN.MH.MU,68.30997498
89608b568a3ffff,IN.MH.MU,69.51187895
89608b56c07ffff,IN.MH.MU,67.94088488
89608b09017ffff,IN.MH.MU,64.15957079
89608b0a26fffff,IN.MH.MU,57.03413785
89608b19a83ffff,IN.MH.MU,62.01294596
89608b44c13ffff,IN.MH.MU,43.76387838
89608b461c7ffff,IN.MH.MU,77.70047974
89608b46237ffff,IN.MH.MU,73.86520329
89608b4629bffff,IN.MH.MU,65.52945323
89608b46477ffff,IN.MH.MU,56.12235517
89608b468c3ffff,IN.MH.MU,44.70009865
89608b46957ffff,IN.MH.MU,44.83647886
89608b47137ffff,IN.MH.MU,70.11572524
89608b4736fffff,IN.MH.MU,73.61363936
89608b54a2fffff,IN.MH.MU,57.12416517
89608b54ecbffff,IN.MH.MU,62.47224247
89608b0904bffff,IN.MH.MU,74.06018955
89608b09093ffff,IN.MH.MU,70.54574322
89608b096cbffff,IN.MH.MU,72.28110146
89608b0b217ffff,IN.MH.MU,64.44367215
89608b0b38fffff,IN.MH.MU,76.44496878
89608b0b3b7ffff,IN.MH.MU,81.34829191
89608b193afffff,IN.MH.MU,46.82920865
89608b44687ffff,IN.MH.MU,70.69719124
89608b4606bffff,IN.MH.MU,69.12809841
89608b470b3ffff,IN.MH.MU,52.35222754
89608b5438fffff,IN.MH.MU,70.27773326
89608b54a0bffff,IN.MH.MU,54.13826867
89608b54c47ffff,IN.MH.MU,69.70334531
89608b0908bffff,IN.MH.MU,71.42953121
89608b0948fffff,IN.MH.MU,71.45953111
89608b0b18fffff,IN.MH.MU,77.24063636
89608b19363ffff,IN.MH.MU,61.21146014
89608b1984bffff,IN.MH.MU,56.21399255
89608b44017ffff,IN.MH.MU,69.49974581
89608b4628bffff,IN.MH.MU,68.12035433
89608b54113ffff,IN.MH.MU,65.99847638
89608b549abffff,IN.MH.MU,70.57634637
89608b54a63ffff,IN.MH.MU,54.04630397
89608b54e2fffff,IN.MH.MU,67.81327774
89608b5513bffff,IN.MH.MU,69.22648334
89608b5591bffff,IN.MH.MU,50.62569695
89608b569cfffff,IN.MH.MU,75.52784309
89608b09417ffff,IN.MH.MU,71.26451045
89608b0962fffff,IN.MH.MU,70.10717823
89608b0b447ffff,IN.MH.MU,70.42509683
89608b4466fffff,IN.MH.MU,68.76016398
89608b446b7ffff,IN.MH.MU,67.02610324
89608b45953ffff,IN.MH.MU,29.83628261
89608b464bbffff,IN.MH.MU,53.73259789
89608b4694bffff,IN.MH.MU,47.15702005
89608b4730fffff,IN.MH.MU,73.73984029
89608b4732fffff,IN.MH.MU,78.07323556
89608b5400fffff,IN.MH.MU,66.62945864
89608b54933ffff,IN.MH.MU,70.78949251
89608b54e67ffff,IN.MH.MU,61.01235035
89608b55c07ffff,IN.MH.MU,58.89170291
89608b56863ffff,IN.MH.MU,71.82914378
89608b56c03ffff,IN.MH.MU,68.45788755
89608b0964fffff,IN.MH.MU,76.10487033
89608b19a03ffff,IN.MH.MU,59.22490049
89608b44527ffff,IN.MH.MU,58.01367413
89608b4462bffff,IN.MH.MU,64.47831898
89608b46667ffff,IN.MH.MU,65.00047598
89608b4687bffff,IN.MH.MU,46.90435693
89608b470a3ffff,IN.MH.MU,56.98965482
89608b4713bffff,IN.MH.MU,66.42653672
89608b541afffff,IN.MH.MU,69.28173034
89608b54807ffff,IN.MH.MU,76.03294187
89608b54c4fffff,IN.MH.MU,69.66707306
89608b54d63ffff,IN.MH.MU,72.24286696
89608b55d37ffff,IN.MH.MU,52.66548381
89608b0b413ffff,IN.MH.MU,59.26886972
89608b0b687ffff,IN.MH.MU,78.50462901
89608b442cfffff,IN.MH.MU,57.1074565
89608b46183ffff,IN.MH.MU,72.58900946
89608b461abffff,IN.MH.MU,70.16334459
89608b4635bffff,IN.MH.MU,76.48468934
89608b4636fffff,IN.MH.MU,73.24204711
89608b463cfffff,IN.MH.MU,74.60817828
89608b46507ffff,IN.MH.MU,76.02418521
89608b46c17ffff,IN.MH.MU,60.06079952
89608b46cd3ffff,IN.MH.MU,68.97664167
89608b54d6fffff,IN.MH.MU,72.98259985
89608b550afffff,IN.MH.MU,63.65067034
89608b55137ffff,IN.MH.MU,69.08665989
89608b555abffff,IN.MH.MU,48.87019759
89608b56853ffff,IN.MH.MU,59.20815934
89608b0943bffff,IN.MH.MU,70.56972308
89608b09477ffff,IN.MH.MU,72.59190445
89608b0b3d7ffff,IN.MH.MU,76.09261106
89608b0b667ffff,IN.MH.MU,69.11782956
89608b19c0fffff,IN.MH.MU,40.63041522
89608b4404bffff,IN.MH.MU,59.60733045
89608b44183ffff,IN.MH.MU,60.53090244
89608b46337ffff,IN.MH.MU,65.38693809
89608b54907ffff,IN.MH.MU,72.04142074
89608b56bd3ffff,IN.MH.MU,75.55007939
89608b56c0bffff,IN.MH.MU,65.72529114
89608b56c73ffff,IN.MH.MU,64.30108208
89608b0908fffff,IN.MH.MU,67.36087088
89608b09297ffff,IN.MH.MU,71.90627265
89608b44467ffff,IN.MH.MU,71.63763582
89608b5426bffff,IN.MH.MU,72.57304344
89608b54377ffff,IN.MH.MU,56.87134933
89608b553abffff,IN.MH.MU,67.59267023
89608b568abffff,IN.MH.MU,67.76631219
89608b56a07ffff,IN.MH.MU,74.33133188
89608b094afffff,IN.MH.MU,68.99464844
89608b0b347ffff,IN.MH.MU,73.47060871
89608b0b457ffff,IN.MH.MU,70.42340758
89608b198c3ffff,IN.MH.MU,46.86957586
89608b445cfffff,IN.MH.MU,71.01185147
89608b464b7ffff,IN.MH.MU,62.15608043
89608b4750fffff,IN.MH.MU,58.31869509
89608b4754fffff,IN.MH.MU,52.04281134
89608b540a7ffff,IN.MH.MU,66.03661158
89608b540b7ffff,IN.MH.MU,60.29631968
89608b54c8fffff,IN.MH.MU,69.56161934
89608b550bbffff,IN.MH.MU,56.9511424
89608b55107ffff,IN.MH.MU,69.03192381
89608b5550fffff,IN.MH.MU,50.52003873
89608b0924bffff,IN.MH.MU,73.34808799
89608b0929bffff,IN.MH.MU,74.08870708
89608b4460bffff,IN.MH.MU,70.96639413
89608b454a3ffff,IN.MH.MU,65.92408489
89608b45527ffff,IN.MH.MU,58.59941354
89608b4554fffff,IN.MH.MU,64.38763538
89608b5498bffff,IN.MH.MU,71.96590218
89608b54b9bffff,IN.MH.MU,66.01416946
89608b550a3ffff,IN.MH.MU,60.91169085
89608b5556fffff,IN.MH.MU,55.1781168
89608b56567ffff,IN.MH.MU,37.83588924
89608b08683ffff,IN.MH.MU,64.50699936
89608b0926bffff,IN.MH.MU,73.32269792
89608b19a8fffff,IN.MH.MU,60.49659344
89608b19acbffff,IN.MH.MU,67.11629384
89608b440abffff,IN.MH.MU,67.99949471
89608b4466bffff,IN.MH.MU,68.52449327
89608b46a63ffff,IN.MH.MU,44.33616229
89608b46dd3ffff,IN.MH.MU,62.36850661
89608b54d53ffff,IN.MH.MU,74.52073619
89608b54dc7ffff,IN.MH.MU,72.68271806
89608b54dcbffff,IN.MH.MU,76.74168386
89608b56bc3ffff,IN.MH.MU,76.58492347
89608b0905bffff,IN.MH.MU,71.02297005
89608b09357ffff,IN.MH.MU,64.96769256
89608b0b10bffff,IN.MH.MU,78.46408322
89608b1921bffff,IN.MH.MU,54.68870634
89608b1926fffff,IN.MH.MU,64.83323081
89608b19e67ffff,IN.MH.MU,63.67012971
89608b440d3ffff,IN.MH.MU,66.93228175
89608b44517ffff,IN.MH.MU,66.31952982
89608b44cdbffff,IN.MH.MU,47.64907963
89608b46313ffff,IN.MH.MU,72.78321244
89608b46567ffff,IN.MH.MU,73.32333161
89608b4666fffff,IN.MH.MU,61.71181604
89608b54373ffff,IN.MH.MU,60.18148691
89608b54997ffff,IN.MH.MU,67.90543392
89608b54bd3ffff,IN.MH.MU,64.63381852
89608b54edbffff,IN.MH.MU,65.85150522
89608b55ecfffff,IN.MH.MU,62.385332
89608b561a7ffff,IN.MH.MU,52.51500067
89608b56917ffff,IN.MH.MU,75.86582197
89608b09613ffff,IN.MH.MU,79.34003835
89608b09657ffff,IN.MH.MU,74.88441797
89608b0b6cfffff,IN.MH.MU,80.14098945
89608b445afffff,IN.MH.MU,61.03843518
89608b4540bffff,IN.MH.MU,59.64898564
89608b463cbffff,IN.MH.MU,74.62060413
89608b4644bffff,IN.MH.MU,61.02862585
89608b46c8fffff,IN.MH.MU,62.96198255
89608b5422bffff,IN.MH.MU,71.42839599
89608b548c7ffff,IN.MH.MU,72.43044722
89608b54d83ffff,IN.MH.MU,70.68067922
89608b5500fffff,IN.MH.MU,61.24704201
89608b55113ffff,IN.MH.MU,64.7052943
89608b56d1bffff,IN.MH.MU,68.03416714
89608b0941bffff,IN.MH.MU,71.06385851
89608b0949bffff,IN.MH.MU,70.53643395
89608b0b28bffff,IN.MH.MU,63.21631619
89608b440b7ffff,IN.MH.MU,67.46898542
89608b4458fffff,IN.MH.MU,64.55370598
89608b445a3ffff,IN.MH.MU,63.74249187
89608b455c7ffff,IN.MH.MU,73.86955835
89608b46023ffff,IN.MH.MU,74.82459618
89608b46a87ffff,IN.MH.MU,47.37647911
89608b46d7bffff,IN.MH.MU,54.07705772
89608b470b7ffff,IN.MH.MU,58.08807395
89608b541d3ffff,IN.MH.MU,66.14026764
89608b54d57ffff,IN.MH.MU,73.11674534
89608b55e93ffff,IN.MH.MU,66.83652135
89608b56c0fffff,IN.MH.MU,66.58626146
89608b56d0bffff,IN.MH.MU,70.32215817
89608b0942bffff,IN.MH.MU,70.74554748
89608b0b013ffff,IN.MH.MU,71.59569673
89608b0b193ffff,IN.MH.MU,69.30365716
89608b0b32fffff,IN.MH.MU,66.73210891
89608b19e1bffff,IN.MH.MU,51.52302852
89608b441afffff,IN.MH.MU,47.57935174
89608b46357ffff,IN.MH.MU,75.12076932
89608b46c37ffff,IN.MH.MU,62.04083534
89608b46e7bffff,IN.MH.MU,59.28204976
89608b541cbffff,IN.MH.MU,70.2283793
89608b5518bffff,IN.MH.MU,60.11459456
89608b551b3ffff,IN.MH.MU,65.87141649
89608b5694bffff,IN.MH.MU,72.11061869
89608b090dbffff,IN.MH.MU,74.56370136
89608b0940bffff,IN.MH.MU,70.69961408
89608b19233ffff,IN.MH.MU,53.48411608
89608b45477ffff,IN.MH.MU,65.66817325
89608b46d6bffff,IN.MH.MU,52.25543008
89608b47103ffff,IN.MH.MU,65.69309953
89608b47547ffff,IN.MH.MU,52.68875765
89608b54127ffff,IN.MH.MU,67.18447959
89608b54dd7ffff,IN.MH.MU,75.06939378
89608b54e7bffff,IN.MH.MU,57.84445035
89608b55967ffff,IN.MH.MU,55.77800679
89608b56a1bffff,IN.MH.MU,69.19835067
89608b56a57ffff,IN.MH.MU,67.61648033
89608b56ab7ffff,IN.MH.MU,72.49836728
89608b084dbffff,IN.MH.MU,68.78109257
89608b0b3dbffff,IN.MH.MU,74.32066255
89608b0b6a3ffff,IN.MH.MU,73.10532355
89608b44c07ffff,IN.MH.MU,40.50614846
89608b4655bffff,IN.MH.MU,66.16944496
89608b471b7ffff,IN.MH.MU,70.06341604
89608b5417bffff,IN.MH.MU,69.47020789
89608b542afffff,IN.MH.MU,67.1510924
89608b559b7ffff,IN.MH.MU,60.88234662
89608b561b7ffff,IN.MH.MU,51.1809814
89608b56893ffff,IN.MH.MU,70.17877578
89608b56c13ffff,IN.MH.MU,68.29400716
89608b084cbffff,IN.MH.MU,66.04591269
89608b084d3ffff,IN.MH.MU,64.29976704
89608b09597ffff,IN.MH.MU,63.29380408
89608b0b12bffff,IN.MH.MU,71.83345295
89608b0b6b7ffff,IN.MH.MU,71.03446013
89608b4404fffff,IN.MH.MU,58.12541369
89608b4464bffff,IN.MH.MU,73.39138369
89608b4664fffff,IN.MH.MU,54.34775343
89608b46687ffff,IN.MH.MU,65.56074875
89608b54b97ffff,IN.MH.MU,70.53432019
89608b54c17ffff,IN.MH.MU,69.39832012
89608b54e23ffff,IN.MH.MU,67.50821541
89608b558d3ffff,IN.MH.MU,48.44636777
89608b095c3ffff,IN.MH.MU,64.56787978
89608b19eabffff,IN.MH.MU,50.59853086
89608b44537ffff,IN.MH.MU,58.81127567
89608b460b7ffff,IN.MH.MU,72.03760894
89608b463b3ffff,IN.MH.MU,69.84200668
89608b46acbffff,IN.MH.MU,55.12591093
89608b471cbffff,IN.MH.MU,65.99672609
89608b4733bffff,IN.MH.MU,75.61799357
89608b54983ffff,IN.MH.MU,71.92297638
89608b54a5bffff,IN.MH.MU,54.22855018
89608b54aa3ffff,IN.MH.MU,61.8343555
89608b54ca3ffff,IN.MH.MU,73.03746035
89608b54e6bffff,IN.MH.MU,57.38194315
89608b5696bffff,IN.MH.MU,73.74699116
89608b092a7ffff,IN.MH.MU,71.18429484
89608b0b243ffff,IN.MH.MU,63.44402145
89608b4634fffff,IN.MH.MU,76.07543093
89608b46497ffff,IN.MH.MU,55.78550503
89608b465c3ffff,IN.MH.MU,69.77799211
89608b469cbffff,IN.MH.MU,48.4188402
89608b4716bffff,IN.MH.MU,70.01890031
89608b4750bffff,IN.MH.MU,53.65414359
89608b548cfffff,IN.MH.MU,73.02439974
89608b54b13ffff,IN.MH.MU,68.26659517
89608b55c87ffff,IN.MH.MU,69.40658945
89608b56947ffff,IN.MH.MU,73.61768023
89608b569a3ffff,IN.MH.MU,76.04792235
89608b56b67ffff,IN.MH.MU,73.51294367
89608b56b9bffff,IN.MH.MU,75.437607
89608b56e2bffff,IN.MH.MU,54.39156025
89608b191c7ffff,IN.MH.MU,36.3443424
89608b44c4fffff,IN.MH.MU,42.73568873
89608b46043ffff,IN.MH.MU,70.1397879
89608b54823ffff,IN.MH.MU,72.90843601
89608b5492fffff,IN.MH.MU,73.32989441
89608b56bcbffff,IN.MH.MU,76.37658935
89608b0b393ffff,IN.MH.MU,74.96253567
89608b4415bffff,IN.MH.MU,56.85605594
89608b46663ffff,IN.MH.MU,61.36251565
89608b5496bffff,IN.MH.MU,72.19792749
89608b5680fffff,IN.MH.MU,67.57133306
89608b56d17ffff,IN.MH.MU,65.5150427
89608b56db3ffff,IN.MH.MU,58.52751818
89608b56eb7ffff,IN.MH.MU,55.69015358
89608b0934fffff,IN.MH.MU,65.26096388
89608b096bbffff,IN.MH.MU,76.30417145
89608b0b267ffff,IN.MH.MU,70.78251308
89608b0b277ffff,IN.MH.MU,66.82538871
89608b0b383ffff,IN.MH.MU,77.32194588
89608b19e17ffff,IN.MH.MU,50.91460498
89608b47023ffff,IN.MH.MU,58.92908271
89608b555bbffff,IN.MH.MU,42.51309662
89608b55983ffff,IN.MH.MU,54.33774291
89608b55ecbffff,IN.MH.MU,63.38524792
89608b568afffff,IN.MH.MU,71.63767826
89608b1931bffff,IN.MH.MU,53.83635938
89608b19377ffff,IN.MH.MU,58.04607377
89608b19a43ffff,IN.MH.MU,68.18062349
89608b19aa7ffff,IN.MH.MU,54.29454659
89608b19e5bffff,IN.MH.MU,54.29410519
89608b4441bffff,IN.MH.MU,69.26404995
89608b444b7ffff,IN.MH.MU,76.50982181
89608b4666bffff,IN.MH.MU,58.2522214
89608b549d3ffff,IN.MH.MU,75.83782202
89608b54b53ffff,IN.MH.MU,61.55095524
89608b56b0fffff,IN.MH.MU,72.68511057
89608b56c83ffff,IN.MH.MU,70.23276382
89608b0b343ffff,IN.MH.MU,71.88582354
89608b0b4d7ffff,IN.MH.MU,64.2011929
89608b1929bffff,IN.MH.MU,51.03623636
89608b44403ffff,IN.MH.MU,68.34651554
89608b45407ffff,IN.MH.MU,64.82902183
89608b46113ffff,IN.MH.MU,75.45782512
89608b46243ffff,IN.MH.MU,66.92982896
89608b47333ffff,IN.MH.MU,73.91441162
89608b54037ffff,IN.MH.MU,70.30717352
89608b54e8bffff,IN.MH.MU,71.41028321
89608b55017ffff,IN.MH.MU,60.71462518
89608b551c3ffff,IN.MH.MU,62.29807989
89608b55333ffff,IN.MH.MU,63.22976036
89608b56813ffff,IN.MH.MU,63.58418109
89608b0b17bffff,IN.MH.MU,80.2107077
89608b0b56fffff,IN.MH.MU,74.34779269
89608b19a47ffff,IN.MH.MU,63.80688459
89608b19ec7ffff,IN.MH.MU,49.12367494
89608b44513ffff,IN.MH.MU,67.81227929
89608b46283ffff,IN.MH.MU,69.20570308
89608b46537ffff,IN.MH.MU,77.39645776
89608b470a7ffff,IN.MH.MU,63.95288073
89608b54193ffff,IN.MH.MU,60.50120181
89608b54bd7ffff,IN.MH.MU,64.17481087
89608b5691bffff,IN.MH.MU,74.86671448
89608b56c4fffff,IN.MH.MU,56.01669721
89608b0166fffff,IN.MH.MU,63.39894066
89608b09683ffff,IN.MH.MU,75.16963233
89608b192d7ffff,IN.MH.MU,51.7038418
89608b442afffff,IN.MH.MU,60.62612132
89608b4442bffff,IN.MH.MU,72.01057382
89608b45417ffff,IN.MH.MU,62.43680044
89608b4556bffff,IN.MH.MU,60.55536779
89608b4622fffff,IN.MH.MU,75.09382491
89608b4662bffff,IN.MH.MU,69.33288148
89608b46c83ffff,IN.MH.MU,67.17804622
89608b46e4bffff,IN.MH.MU,60.15442199
89608b54d97ffff,IN.MH.MU,71.17747667
89608b56b37ffff,IN.MH.MU,72.96269386
89608b094abffff,IN.MH.MU,72.16310683
89608b0b08bffff,IN.MH.MU,70.8493428
89608b0b353ffff,IN.MH.MU,71.87288915
89608b0b44bffff,IN.MH.MU,77.15248929
89608b0b66fffff,IN.MH.MU,63.82201284
89608b19c47ffff,IN.MH.MU,41.70458379
89608b5413bffff,IN.MH.MU,68.27980201
89608b5431bffff,IN.MH.MU,64.44617007
89608b54573ffff,IN.MH.MU,54.35036393
89608b549bbffff,IN.MH.MU,71.80111478
89608b54d13ffff,IN.MH.MU,68.68825728
89608b5512fffff,IN.MH.MU,68.66906673
89608b090bbffff,IN.MH.MU,64.90275629
89608b0b637ffff,IN.MH.MU,73.06623089
89608b454b7ffff,IN.MH.MU,67.99189076
89608b46053ffff,IN.MH.MU,68.23397832
89608b4738fffff,IN.MH.MU,67.20620758
89608b54167ffff,IN.MH.MU,71.85923863
89608b548cbffff,IN.MH.MU,71.70996954
89608b55337ffff,IN.MH.MU,62.43376841
89608b553a7ffff,IN.MH.MU,68.85381886
89608b55c43ffff,IN.MH.MU,65.34791279
89608b56987ffff,IN.MH.MU,74.54734526
89608b56b53ffff,IN.MH.MU,74.8239633
89608b0b02fffff,IN.MH.MU,76.06438905
89608b0b123ffff,IN.MH.MU,72.63220697
89608b0b6d3ffff,IN.MH.MU,76.74465792
89608b19667ffff,IN.MH.MU,45.76390563
89608b4467bffff,IN.MH.MU,71.68658566
89608b47163ffff,IN.MH.MU,67.72675012
89608b54027ffff,IN.MH.MU,70.2650822
89608b54083ffff,IN.MH.MU,51.32752544
89608b55307ffff,IN.MH.MU,62.80055871
89608b55327ffff,IN.MH.MU,58.05365563
89608b0b683ffff,IN.MH.MU,80.15434079
89608b19acfffff,IN.MH.MU,66.459289
89608b19c53ffff,IN.MH.MU,39.03778344
89608b19c7bffff,IN.MH.MU,43.60537611
89608b45467ffff,IN.MH.MU,65.40472134
89608b462c3ffff,IN.MH.MU,62.41448726
89608b46573ffff,IN.MH.MU,73.12754144
89608b46867ffff,IN.MH.MU,50.74916045
89608b46a0fffff,IN.MH.MU,44.33886802
89608b54383ffff,IN.MH.MU,69.55485775
89608b5452fffff,IN.MH.MU,59.49234322
89608b551a7ffff,IN.MH.MU,70.17435728
89608b55927ffff,IN.MH.MU,57.26456253
89608b5693bffff,IN.MH.MU,79.28193087
89608b56a47ffff,IN.MH.MU,70.28818986
89608b56d6bffff,IN.MH.MU,71.49038333
89608b0b0afffff,IN.MH.MU,75.12322415
89608b0b4cbffff,IN.MH.MU,74.13773187
89608b19e13ffff,IN.MH.MU,50.55028386
89608b460cbffff,IN.MH.MU,67.01077855
89608b54263ffff,IN.MH.MU,70.83352444
89608b54363ffff,IN.MH.MU,56.66090391
89608b54bdbffff,IN.MH.MU,62.45200501
89608b56c23ffff,IN.MH.MU,67.13321236
89608b0947bffff,IN.MH.MU,73.00136777
89608b09583ffff,IN.MH.MU,63.26667783
89608b193cbffff,IN.MH.MU,52.28242137
89608b4418bffff,IN.MH.MU,57.97998591
89608b44643ffff,IN.MH.MU,73.67915627
89608b4501bffff,IN.MH.MU,45.46894117
89608b455b7ffff,IN.MH.MU,69.70187689
89608b461cbffff,IN.MH.MU,75.20899527
89608b4753bffff,IN.MH.MU,60.55712609
89608b54043ffff,IN.MH.MU,53.49363623
89608b541b7ffff,IN.MH.MU,72.60637807
89608b543d3ffff,IN.MH.MU,65.24372233
89608b54e4fffff,IN.MH.MU,56.1828884
89608b5533bffff,IN.MH.MU,57.75529666
89608b56a8fffff,IN.MH.MU,68.54935416
89608b56d0fffff,IN.MH.MU,71.42588214
89608b56d93ffff,IN.MH.MU,56.72548413
89608b56d9bffff,IN.MH.MU,61.02506243
89608b56dcfffff,IN.MH.MU,67.86538941
89608b0b61bffff,IN.MH.MU,84.73055005
89608b193cfffff,IN.MH.MU,52.93768382
89608b446afffff,IN.MH.MU,64.98971125
89608b4601bffff,IN.MH.MU,70.67850609
89608b469d3ffff,IN.MH.MU,48.98097995
89608b5415bffff,IN.MH.MU,70.31546852
89608b541cfffff,IN.MH.MU,68.55479656
89608b54c2fffff,IN.MH.MU,74.68723354
89608b54eabffff,IN.MH.MU,66.78571503
89608b56cb3ffff,IN.MH.MU,65.1745108
89608b09013ffff,IN.MH.MU,68.32973963
89608b090cbffff,IN.MH.MU,72.36452451
89608b0942fffff,IN.MH.MU,71.00366478
89608b09653ffff,IN.MH.MU,72.79900865
89608b0b12fffff,IN.MH.MU,69.57722444
89608b19247ffff,IN.MH.MU,50.81808365
89608b44463ffff,IN.MH.MU,68.65808024
89608b46a3bffff,IN.MH.MU,43.53125211
89608b54047ffff,IN.MH.MU,58.90707148
89608b549b7ffff,IN.MH.MU,65.39951316
89608b5517bffff,IN.MH.MU,73.55602312
89608b5619bffff,IN.MH.MU,41.1781917
89608b56cc3ffff,IN.MH.MU,60.13810524
89608b0129bffff,IN.MH.MU,62.9406202
89608b093d3ffff,IN.MH.MU,67.29659516
89608b0b0cfffff,IN.MH.MU,70.9187942
89608b0b1dbffff,IN.MH.MU,77.52979715
89608b0b297ffff,IN.MH.MU,70.04014608
89608b19ea7ffff,IN.MH.MU,49.57812685
89608b44483ffff,IN.MH.MU,68.99057332
89608b460dbffff,IN.MH.MU,65.12623974
89608b46213ffff,IN.MH.MU,67.69992913
89608b46233ffff,IN.MH.MU,72.02397787
89608b46cb7ffff,IN.MH.MU,65.22655463
89608b47563ffff,IN.MH.MU,60.37454703
89608b5434bffff,IN.MH.MU,67.87891527
89608b54a6bffff,IN.MH.MU,58.16656678
89608b54bb7ffff,IN.MH.MU,72.63760011
89608b54d23ffff,IN.MH.MU,63.0383539
89608b56d07ffff,IN.MH.MU,67.64246532
89608b01283ffff,IN.MH.MU,60.80370244
89608b09593ffff,IN.MH.MU,68.92546367
89608b0b1d3ffff,IN.MH.MU,76.1868452
89608b19297ffff,IN.MH.MU,47.78485527
89608b4608bffff,IN.MH.MU,66.82315442
89608b47027ffff,IN.MH.MU,63.23651287
89608b543b7ffff,IN.MH.MU,68.98002857
89608b54d6bffff,IN.MH.MU,76.40898542
89608b5590bffff,IN.MH.MU,51.79551247
89608b56b8fffff,IN.MH.MU,73.63222504
89608b0868bffff,IN.MH.MU,66.04203839
89608b444abffff,IN.MH.MU,70.49236617
89608b46377ffff,IN.MH.MU,73.36408217
89608b4643bffff,IN.MH.MU,55.54745673
89608b46637ffff,IN.MH.MU,66.71270322
89608b46b97ffff,IN.MH.MU,50.17002973
89608b46d0fffff,IN.MH.MU,57.53884722
89608b4734bffff,IN.MH.MU,58.94889994
89608b54567ffff,IN.MH.MU,60.01390956
89608b568a7ffff,IN.MH.MU,72.24889282
89608b56cc7ffff,IN.MH.MU,65.50795578
89608b0b4c7ffff,IN.MH.MU,66.59533951
89608b0b697ffff,IN.MH.MU,79.98441327
89608b191abffff,IN.MH.MU,36.53989775
89608b454afffff,IN.MH.MU,67.98886307
89608b466c7ffff,IN.MH.MU,63.58514659
89608b46ca7ffff,IN.MH.MU,65.2104063
89608b47157ffff,IN.MH.MU,67.44015027
89608b473afffff,IN.MH.MU,72.54983051
89608b5435bffff,IN.MH.MU,69.8836591
89608b5494bffff,IN.MH.MU,71.84393652
89608b54993ffff,IN.MH.MU,70.00489112
89608b54a53ffff,IN.MH.MU,54.0186617
89608b56927ffff,IN.MH.MU,78.46117105
89608b0b19bffff,IN.MH.MU,74.51200289
89608b46147ffff,IN.MH.MU,73.5620546
89608b46487ffff,IN.MH.MU,55.03992386
89608b47143ffff,IN.MH.MU,67.31483594
89608b4716fffff,IN.MH.MU,69.18879899
89608b54873ffff,IN.MH.MU,68.88933925
89608b54c3bffff,IN.MH.MU,71.06293289
89608b54c83ffff,IN.MH.MU,68.9875463
89608b54dc3ffff,IN.MH.MU,76.070259
89608b54e97ffff,IN.MH.MU,70.19867504
89608b5682bffff,IN.MH.MU,73.93194447
89608b5688bffff,IN.MH.MU,66.74523108
89608b090c7ffff,IN.MH.MU,72.36464596
89608b09403ffff,IN.MH.MU,70.50165315
89608b094d7ffff,IN.MH.MU,69.13706762
89608b0b623ffff,IN.MH.MU,73.23293065
89608b46017ffff,IN.MH.MU,72.33337744
89608b46dcbffff,IN.MH.MU,63.16745401
89608b46e2bffff,IN.MH.MU,50.41080631
89608b548a3ffff,IN.MH.MU,77.34932864
89608b54e4bffff,IN.MH.MU,54.78209234
89608b555a3ffff,IN.MH.MU,44.58799404
89608b5592fffff,IN.MH.MU,57.57349467
89608b55e1bffff,IN.MH.MU,58.34862456
89608b0923bffff,IN.MH.MU,76.04101326
89608b09443ffff,IN.MH.MU,69.94954476
89608b0b26fffff,IN.MH.MU,70.11154574
89608b0b36bffff,IN.MH.MU,72.85929171
89608b19eb7ffff,IN.MH.MU,43.83339
89608b44663ffff,IN.MH.MU,69.30107962
89608b4613bffff,IN.MH.MU,64.84918085
89608b46207ffff,IN.MH.MU,69.48820027
89608b4630bffff,IN.MH.MU,75.42884189
89608b47117ffff,IN.MH.MU,65.68382626
89608b5418bffff,IN.MH.MU,66.26271411
89608b541dbffff,IN.MH.MU,68.1346349
89608b5432bffff,IN.MH.MU,56.05228329
89608b5538fffff,IN.MH.MU,67.9643374
89608b090abffff,IN.MH.MU,62.09213821
89608b0927bffff,IN.MH.MU,75.20148213
89608b09637ffff,IN.MH.MU,71.15536721
89608b0b34fffff,IN.MH.MU,73.10585196
89608b46387ffff,IN.MH.MU,69.56314463
89608b4654bffff,IN.MH.MU,69.3388634
89608b46693ffff,IN.MH.MU,58.89107775
89608b46cbbffff,IN.MH.MU,63.14432973
89608b471a7ffff,IN.MH.MU,69.19519049
89608b5407bffff,IN.MH.MU,63.57701518
89608b540afffff,IN.MH.MU,68.98966026
89608b54d5bffff,IN.MH.MU,74.10714374
89608b56da7ffff,IN.MH.MU,61.18109575
89608b09043ffff,IN.MH.MU,72.98443765
89608b0b43bffff,IN.MH.MU,62.49975183
89608b0b6c7ffff,IN.MH.MU,80.73583619
89608b19abbffff,IN.MH.MU,56.16387855
89608b45497ffff,IN.MH.MU,53.89617576
89608b46a03ffff,IN.MH.MU,45.91119044
89608b54937ffff,IN.MH.MU,68.77693857
89608b54c5bffff,IN.MH.MU,67.63465072
89608b54d1bffff,IN.MH.MU,70.81198929
89608b54ec7ffff,IN.MH.MU,67.71688103
89608b559a7ffff,IN.MH.MU,64.36384371
89608b0b187ffff,IN.MH.MU,72.25547952
89608b462c7ffff,IN.MH.MU,66.38694829
89608b46427ffff,IN.MH.MU,63.10582157
89608b46a6fffff,IN.MH.MU,44.20079615
89608b542abffff,IN.MH.MU,63.34150252
89608b54b2bffff,IN.MH.MU,73.75664963
89608b55013ffff,IN.MH.MU,53.75719553
89608b094cbffff,IN.MH.MU,68.24109953
89608b19227ffff,IN.MH.MU,56.02831109
89608b441d7ffff,IN.MH.MU,58.95128217
89608b4455bffff,IN.MH.MU,70.83398483
89608b446a3ffff,IN.MH.MU,64.05788075
89608b4618fffff,IN.MH.MU,73.00057757
89608b461d7ffff,IN.MH.MU,75.54848609
89608b46393ffff,IN.MH.MU,69.90742731
89608b46527ffff,IN.MH.MU,76.85181804
89608b46cd7ffff,IN.MH.MU,67.53806182
89608b47527ffff,IN.MH.MU,61.09571746
89608b47557ffff,IN.MH.MU,47.50168879
89608b5412bffff,IN.MH.MU,69.55788044
89608b55e8bffff,IN.MH.MU,63.22835481
89608b56943ffff,IN.MH.MU,74.50623339
89608b19e57ffff,IN.MH.MU,53.7313949
89608b4622bffff,IN.MH.MU,71.85247057
89608b47577ffff,IN.MH.MU,61.30459362
89608b54223ffff,IN.MH.MU,69.75621733
89608b54abbffff,IN.MH.MU,58.28061669
89608b54b43ffff,IN.MH.MU,63.74409862
89608b54c37ffff,IN.MH.MU,76.18889693
89608b54e2bffff,IN.MH.MU,64.89790397
89608b0b263ffff,IN.MH.MU,69.39610436
89608b0b377ffff,IN.MH.MU,74.29044111
89608b0b467ffff,IN.MH.MU,68.39357244
89608b19257ffff,IN.MH.MU,49.35005928
89608b1928fffff,IN.MH.MU,59.2479412
89608b44053ffff,IN.MH.MU,62.36811455
89608b45097ffff,IN.MH.MU,65.12066053
89608b4616bffff,IN.MH.MU,63.39664311
89608b4620bffff,IN.MH.MU,67.2545528
89608b463d3ffff,IN.MH.MU,70.85231752
89608b46cdbffff,IN.MH.MU,65.56925753
89608b46d1bffff,IN.MH.MU,59.62579218
89608b54023ffff,IN.MH.MU,71.62075422
89608b541abffff,IN.MH.MU,68.86378872
89608b542a3ffff,IN.MH.MU,63.73592698
89608b54d17ffff,IN.MH.MU,64.12396769
89608b55157ffff,IN.MH.MU,70.38488421
89608b56873ffff,IN.MH.MU,70.17515937
89608b56cbbffff,IN.MH.MU,69.50920164
89608b09247ffff,IN.MH.MU,76.06279853
89608b0954bffff,IN.MH.MU,67.08341565
89608b0b1bbffff,IN.MH.MU,74.62673747
89608b0b34bffff,IN.MH.MU,72.62348185
89608b19c73ffff,IN.MH.MU,43.52038686
89608b44057ffff,IN.MH.MU,62.70937383
89608b442d3ffff,IN.MH.MU,66.74132504
89608b44553ffff,IN.MH.MU,70.80887431
89608b44c1bffff,IN.MH.MU,44.82889365
89608b460bbffff,IN.MH.MU,72.51444845
89608b4712fffff,IN.MH.MU,71.09441784
89608b475a3ffff,IN.MH.MU,54.59685094
89608b54953ffff,IN.MH.MU,74.5487944
89608b54d73ffff,IN.MH.MU,71.053875
89608b56bcfffff,IN.MH.MU,75.50707739
89608b56c97ffff,IN.MH.MU,65.62492108
89608b09063ffff,IN.MH.MU,66.14879634
89608b09353ffff,IN.MH.MU,66.7286242
89608b0968fffff,IN.MH.MU,77.42369576
89608b0b0d3ffff,IN.MH.MU,71.25324605
89608b0b227ffff,IN.MH.MU,69.4204632
89608b0b2a7ffff,IN.MH.MU,72.40237789
89608b46c9bffff,IN.MH.MU,69.83588768
89608b471afffff,IN.MH.MU,68.83571803
89608b540abffff,IN.MH.MU,68.47339375
89608b56883ffff,IN.MH.MU,71.79432987
89608b56b17ffff,IN.MH.MU,72.85541786
89608b56b63ffff,IN.MH.MU,72.25226376
89608b09047ffff,IN.MH.MU,69.22769948
89608b093dbffff,IN.MH.MU,71.18482713
89608b09677ffff,IN.MH.MU,74.17607686
89608b0b1abffff,IN.MH.MU,75.83095286
89608b19a7bffff,IN.MH.MU,64.69806539
89608b44047ffff,IN.MH.MU,61.0184161
89608b445d3ffff,IN.MH.MU,73.71650574
89608b45587ffff,IN.MH.MU,73.93144535
89608b46067ffff,IN.MH.MU,69.11853005
89608b46583ffff,IN.MH.MU,78.09746689
89608b471c3ffff,IN.MH.MU,65.12595297
89608b5404fffff,IN.MH.MU,58.85381965
89608b548d3ffff,IN.MH.MU,72.60643798
89608b54d2bffff,IN.MH.MU,66.29099335
89608b55e43ffff,IN.MH.MU,51.66587548
89608b56887ffff,IN.MH.MU,70.81009467
89608b56983ffff,IN.MH.MU,74.68073646
89608b56a67ffff,IN.MH.MU,70.20952492
89608b0b2b7ffff,IN.MH.MU,70.70723146
89608b446abffff,IN.MH.MU,65.15788897
89608b462b3ffff,IN.MH.MU,72.59410396
89608b5492bffff,IN.MH.MU,72.95567898
89608b54ad3ffff,IN.MH.MU,56.38669081
89608b54bcbffff,IN.MH.MU,61.29769199
89608b54d0bffff,IN.MH.MU,70.02941568
89608b56b97ffff,IN.MH.MU,73.77919
89608b0a26bffff,IN.MH.MU,62.68736571
89608b0b147ffff,IN.MH.MU,80.98334314
89608b0b38bffff,IN.MH.MU,76.49901081
89608b0b40bffff,IN.MH.MU,70.79487601
89608b0b6abffff,IN.MH.MU,76.09836188
89608b19c03ffff,IN.MH.MU,41.16816791
89608b441a7ffff,IN.MH.MU,51.08401569
89608b45463ffff,IN.MH.MU,60.21434961
89608b4547bffff,IN.MH.MU,54.94980718
89608b45577ffff,IN.MH.MU,64.59808301
89608b470abffff,IN.MH.MU,54.64204372
89608b54137ffff,IN.MH.MU,68.18153848
89608b54317ffff,IN.MH.MU,66.86410953
89608b54ab7ffff,IN.MH.MU,63.84112528
89608b09073ffff,IN.MH.MU,67.02723319
89608b0945bffff,IN.MH.MU,71.42891563
89608b0946bffff,IN.MH.MU,74.58504279
89608b0b28fffff,IN.MH.MU,65.01154038
89608b1984fffff,IN.MH.MU,54.45474543
89608b4405bffff,IN.MH.MU,60.60015226
89608b4461bffff,IN.MH.MU,74.79485605
89608b4614fffff,IN.MH.MU,70.29368962
89608b47327ffff,IN.MH.MU,79.25419443
89608b47357ffff,IN.MH.MU,63.53879934
89608b54227ffff,IN.MH.MU,69.0425494
89608b56a3bffff,IN.MH.MU,75.71062632
89608b0955bffff,IN.MH.MU,67.47090354
89608b09643ffff,IN.MH.MU,74.28532256
89608b096d7ffff,IN.MH.MU,74.52452485
89608b0b057ffff,IN.MH.MU,70.16053191
89608b0b07bffff,IN.MH.MU,70.20616059
89608b1930fffff,IN.MH.MU,54.74348645
89608b444d7ffff,IN.MH.MU,67.1686421
89608b44587ffff,IN.MH.MU,63.17544709
89608b46587ffff,IN.MH.MU,77.29116678
89608b47107ffff,IN.MH.MU,65.93741614
89608b543b3ffff,IN.MH.MU,69.7197225
89608b543d7ffff,IN.MH.MU,65.13358553
89608b54a73ffff,IN.MH.MU,54.22462926
89608b56523ffff,IN.MH.MU,40.12479205
89608b56acbffff,IN.MH.MU,59.89799167
89608b56d4bffff,IN.MH.MU,72.95339573
89608b095d3ffff,IN.MH.MU,68.12675188
89608b0b293ffff,IN.MH.MU,71.17821927
89608b0b6bbffff,IN.MH.MU,76.90943893
89608b1935bffff,IN.MH.MU,59.40558374
89608b193dbffff,IN.MH.MU,49.42990512
89608b19a0fffff,IN.MH.MU,56.26534361
89608b440afffff,IN.MH.MU,67.23245721
89608b46003ffff,IN.MH.MU,71.84884719
89608b46173ffff,IN.MH.MU,69.34339637
89608b463c7ffff,IN.MH.MU,73.1515198
89608b46da7ffff,IN.MH.MU,46.3238213
89608b46e4fffff,IN.MH.MU,60.00676636
89608b54e5bffff,IN.MH.MU,56.33350365
89608b568d3ffff,IN.MH.MU,61.02618817
89608b56cd7ffff,IN.MH.MU,66.82981416
89608b09667ffff,IN.MH.MU,72.79833668
89608b0b11bffff,IN.MH.MU,78.07335911
89608b44647ffff,IN.MH.MU,72.45127319
89608b44c7bffff,IN.MH.MU,43.67399699
89608b450b7ffff,IN.MH.MU,63.7035228
89608b463c3ffff,IN.MH.MU,74.55470261
89608b4668bffff,IN.MH.MU,65.5762961
89608b46ab3ffff,IN.MH.MU,46.46623945
89608b5480bffff,IN.MH.MU,71.62982687
89608b55547ffff,IN.MH.MU,46.57454453
89608b56c67ffff,IN.MH.MU,68.6955851
89608b56c7bffff,IN.MH.MU,61.13271061
89608b0865bffff,IN.MH.MU,62.39424497
89608b09423ffff,IN.MH.MU,68.59687082
89608b0b103ffff,IN.MH.MU,77.61619103
89608b0b207ffff,IN.MH.MU,64.75106773
89608b0b287ffff,IN.MH.MU,68.377947
89608b0b3c7ffff,IN.MH.MU,77.48081426
89608b4450fffff,IN.MH.MU,68.83692002
89608b4456bffff,IN.MH.MU,65.5057085
89608b4542bffff,IN.MH.MU,67.26142428
89608b4546fffff,IN.MH.MU,58.27882537
89608b4659bffff,IN.MH.MU,77.17556376
89608b54967ffff,IN.MH.MU,72.87484552
89608b553b3ffff,IN.MH.MU,73.36442801
89608b56963ffff,IN.MH.MU,75.83544783
89608b0937bffff,IN.MH.MU,63.84251631
89608b0b2b3ffff,IN.MH.MU,69.37768073
89608b0b633ffff,IN.MH.MU,74.30622044
89608b1938fffff,IN.MH.MU,46.22132163
89608b443d3ffff,IN.MH.MU,54.20879485
89608b444c7ffff,IN.MH.MU,67.98472436
89608b454c7ffff,IN.MH.MU,53.01837672
89608b45513ffff,IN.MH.MU,73.20032443
89608b465cbffff,IN.MH.MU,65.59442569
89608b54073ffff,IN.MH.MU,62.65749826
89608b54393ffff,IN.MH.MU,68.3566789
89608b55127ffff,IN.MH.MU,69.62188747
89608b55387ffff,IN.MH.MU,72.86006257
89608b55563ffff,IN.MH.MU,54.4733328
89608b09483ffff,IN.MH.MU,71.73493039
89608b44457ffff,IN.MH.MU,70.61722159
89608b4465bffff,IN.MH.MU,76.22906105
89608b4611bffff,IN.MH.MU,75.74669551
89608b46363ffff,IN.MH.MU,76.03998974
89608b46627ffff,IN.MH.MU,68.15602387
89608b46653ffff,IN.MH.MU,55.24602318
89608b46aabffff,IN.MH.MU,44.88531462
89608b473cfffff,IN.MH.MU,60.24616546
89608b5418fffff,IN.MH.MU,65.44207428
89608b54bafffff,IN.MH.MU,72.1854294
89608b56a23ffff,IN.MH.MU,76.06311476